time,property,state
1,0,1
2,23,5
3,100,0
4,54,8
5,55,8
6,72,8
7,82,8
8,88,8
9,100,0
10,100,0
11,33,6
12,2,1
13,4,1
14,1,1
15,1,1
16,10,1
17,7,1
18,29,6
19,36,7
20,54,8
21,92,8
22,100,0
23,100,0
24,98,8
25,100,0
26,100,0
27,98,8
28,100,0
29,98,8
30,98,8
31,100,0
32,97,8
33,100,0
34,67,8
35,35,7
36,51,8
37,64,8
38,45,7
39,45,7
40,70,8
41,63,8
42,51,8
43,69,8
44,95,8
45,76,8
46,79,8
47,97,8
48,100,0
49,100,0
50,100,0
51,100,0
52,100,0
53,98,8
54,95,8
55,91,8
56,89,8
57,29,6
58,29,6
59,26,6
60,41,7
61,39,7
62,64,8
63,80,8
64,66,8
65,4,1
66,2,1
67,5,1
68,1,1
69,1,1
70,2,1
71,4,1
72,14,2
73,42,7
74,57,8
75,70,8
76,73,8
77,70,8
78,89,8
79,100,0
80,100,0
81,98,8
82,16,3
83,0,1
84,0,1
85,35,7
86,32,6
87,8,1
88,7,1
89,5,1
90,63,8
91,89,8
92,86,8
93,76,8
94,73,8
95,100,0
96,100,0
97,100,0
98,100,0
99,100,0
100,100,0
101,100,0
102,100,0
103,98,8
104,98,8
105,100,0
106,100,0
107,48,7
108,41,7
109,77,8
110,82,8
111,57,8
112,39,7
113,51,8
114,35,7
115,64,8
116,95,8
117,92,8
118,100,0
119,100,0
120,100,0
121,100,0
122,100,0
123,100,0
124,100,0
125,100,0
126,100,0
127,100,0
128,100,0
129,100,0
130,100,0
131,100,0
132,76,8
133,77,8
134,89,8
135,95,8
136,92,8
137,97,8
138,100,0
139,100,0
140,100,0
141,100,0
142,100,0
143,100,0
144,100,0
145,100,0
146,100,0
147,100,0
148,100,0
149,100,0
150,100,0
151,100,0
152,100,0
153,94,8
154,100,0
155,100,0
156,72,8
157,70,8
158,70,8
159,58,8
160,16,3
161,0,1
162,0,1
163,0,1
164,1,1
165,27,6
166,38,7
167,83,8
168,89,8
169,92,8
170,98,8
171,95,8
172,100,0
173,100,0
174,100,0
175,100,0
176,100,0
177,100,0
178,100,0
179,100,0
180,100,0
181,13,2
182,77,8
183,100,0
184,100,0
185,92,8
186,89,8
187,95,8
188,98,8
189,100,0
190,100,0
191,100,0
192,100,0
193,100,0
194,100,0
195,100,0
196,100,0
197,100,0
198,100,0
199,100,0
200,100,0
201,100,0
202,100,0
203,100,0
204,73,8
205,70,8
206,63,8
207,61,8
208,67,8
209,77,8
210,1,1
211,1,1
212,0,1
213,76,8
214,57,8
215,57,8
216,72,8
217,89,8
218,100,0
219,100,0
220,100,0
221,100,0
222,100,0
223,100,0
224,100,0
225,100,0
226,100,0
227,100,0
228,100,0
229,100,0
230,100,0
231,100,0
232,100,0
233,54,8
234,29,6
235,22,5
236,23,5
237,22,5
238,10,1
239,14,2
240,20,5
241,39,7
242,41,7
243,58,8
244,88,8
245,91,8
246,100,0
247,100,0
248,100,0
249,100,0
250,100,0
251,100,0
252,89,8
253,97,8
254,61,8
255,75,8
256,47,7
257,7,1
258,4,1
259,1,1
260,14,2
261,26,6
262,55,8
263,64,8
264,92,8
265,82,8
266,98,8
267,92,8
268,100,0
269,95,8
270,100,0
271,100,0
272,100,0
273,100,0
274,100,0
275,100,0
276,94,8
277,4,1
278,8,1
279,11,1
280,35,7
281,35,7
282,45,7
283,47,7
284,38,7
285,60,8
286,70,8
287,92,8
288,98,8
289,100,0
290,100,0
291,100,0
292,100,0
293,100,0
294,100,0
295,100,0
296,100,0
297,100,0
298,100,0
299,100,0
300,100,0
301,97,8
302,85,8
303,75,8
304,82,8
305,63,8
306,85,8
307,98,8
308,100,0
309,100,0
310,100,0
311,100,0
312,100,0
313,100,0
314,100,0
315,100,0
316,100,0
317,100,0
318,100,0
319,100,0
320,100,0
321,100,0
322,100,0
323,100,0
324,83,8
325,100,0
326,95,8
327,0,1
328,0,1
329,0,1
330,0,1
331,0,1
332,0,1
333,14,2
334,42,7
335,67,8
336,75,8
337,80,8
338,85,8
339,89,8
340,100,0
341,100,0
342,100,0
343,100,0
344,100,0
345,100,0
346,100,0
347,100,0
348,100,0
349,100,0
350,98,8
351,26,6
352,26,6
353,0,1
354,0.3,1
355,0,1
356,0.6,1
357,0,1
358,11,1
359,42,7
360,54,8
361,73,8
362,75,8
363,100,0
364,100,0
365,100,0
366,100,0
367,100,0
368,100,0
369,100,0
370,100,0
371,100,0
372,98,8
373,58,8
374,17.1,4
375,24,5
376,26,6
377,69,8
378,4,1
379,7,1
380,17,4
381,8,1
382,39,7
383,85,8
384,89,8
385,98,8
386,100,0
387,98,8
388,100,0
389,100,0
390,100,0
391,100,0
392,100,0
393,100,0
394,100,0
395,100,0
396,83,8
397,48,7
398,72,8
399,52,8
400,41,7
401,20,5
402,17,4
403,13,2
404,17,4
405,57,8
406,89,8
407,85,8
408,92,8
409,91,8
410,94,8
411,98,8
412,100,0
413,100,0
414,100,0
415,100,0
416,100,0
417,100,0
418,100,0
419,100,0
420,97,8
421,100,0
422,98,8
423,0,1
424,0,1
425,0,1
426,0,1
427,0,1
428,0,1
429,13,2
430,44,7
431,58,8
432,70,8
433,76,8
434,100,0
435,95,8
436,100,0
437,100,0
438,100,0
439,100,0
440,100,0
441,100,0
442,48,7
443,100,0
444,4,1
445,2,1
446,1,1
447,2,1
448,0,1
449,36,7
450,76,8
451,92,8
452,69,8
453,73,8
454,89,8
455,100,0
456,100,0
457,100,0
458,100,0
459,100,0
460,100,0
461,100,0
462,100,0
463,100,0
464,100,0
465,100,0
466,100,0
467,100,0
468,100,0
469,100,0
470,100,0
471,98,8
472,23,5
473,95,8
474,89,8
475,82,8
476,82,8
477,75,8
478,79,8
479,95,8
480,98,8
481,100,0
482,100,0
483,100,0
484,100,0
485,100,0
486,100,0
487,100,0
488,100,0
489,100,0
490,100,0
491,100,0
492,100,0
493,98,8
494,98,8
495,100,0
496,100,0
497,100,0
498,100,0
499,98,8
500,100,0
501,100,0
502,100,0
503,100,0
504,100,0
505,100,0
506,100,0
507,100,0
508,100,0
509,100,0
510,100,0
511,100,0
512,100,0
513,100,0
514,100,0
515,100,0
516,100,0
517,100,0
518,97,8
519,100,0
520,98,8
521,83,8
522,98,8
523,100,0
524,100,0
525,100,0
526,100,0
527,100,0
528,100,0
529,100,0
530,100,0
531,100,0
532,100,0
533,100,0
534,100,0
535,100,0
536,100,0
537,100,0
538,100,0
539,100,0
540,98,8
541,100,0
542,100,0
543,98,8
544,100,0
545,89,8
546,89,8
547,95,8
548,100,0
549,100,0
550,100,0
551,100,0
552,100,0
553,100,0
554,100,0
555,100,0
556,100,0
557,100,0
558,100,0
559,100,0
560,100,0
561,100,0
562,100,0
563,19,4
564,10,1
565,13,2
566,10,1
567,25,6
568,66,8
569,77,8
570,79,8
571,75,8
572,100,0
573,100,0
574,100,0
575,100,0
576,100,0
577,100,0
578,100,0
579,100,0
580,100,0
581,100,0
582,100,0
583,100,0
584,100,0
585,100,0
586,100,0
587,100,0
588,100,0
589,100,0
590,100,0
591,100,0
592,100,0
593,100,0
594,100,0
595,100,0
596,100,0
597,98,8
598,92,8
599,98,8
600,100,0
601,89,8
602,89,8
603,95,8
604,100,0
605,100,0
606,100,0
607,100,0
608,100,0
609,100,0
610,98,8
611,100,0
612,92,8
613,98,8
614,100,0
615,98,8
616,98,8
617,100,0
618,100,0
619,100,0
620,100,0
621,100,0
622,100,0
623,100,0
624,100,0
625,100,0
626,100,0
627,100,0
628,100,0
629,100,0
630,100,0
631,100,0
632,100,0
633,100,0
634,100,0
635,100,0
636,67,8
637,39,7
638,60,8
639,89,8
640,100,0
641,100,0
642,100,0
643,100,0
644,100,0
645,100,0
646,100,0
647,100,0
648,100,0
649,100,0
650,100,0
651,100,0
652,100,0
653,100,0
654,100,0
655,100,0
656,100,0
657,100,0
658,100,0
659,100,0
660,100,0
661,100,0
662,42,7
663,20,5
664,13,2
665,5,1
666,10,1
667,22,5
668,32,6
669,25,6
670,17,4
671,35,7
672,57,8
673,79,8
674,88,8
675,95,8
676,100,0
677,100,0
678,100,0
679,100,0
680,100,0
681,88,8
682,70,8
683,0,1
684,1,1
685,1,1
686,11,1
687,0,1
688,83,8
689,75,8
690,0,1
691,0,1
692,0,1
693,0,1
694,0,1
695,2,1
696,11,1
697,19,4
698,30,6
699,45,7
700,72,8
701,94,8
702,92,8
703,98,8
704,26,6
705,16,3
706,7,1
707,4,1
708,10,1
709,97,8
710,100,0
711,97,8
712,91,8
713,100,0
714,100,0
715,100,0
716,100,0
717,100,0
718,100,0
719,100,0
720,100,0
721,100,0
722,100,0
723,100,0
724,100,0
725,100,0
726,100,0
727,100,0
728,100,0
729,100,0
730,100,0
731,100,0
732,100,0
733,100,0
734,100,0
735,98,8
736,91,8
737,100,0
738,100,0
739,100,0
740,100,0
741,100,0
742,98,8
743,100,0
744,100,0
745,100,0
746,100,0
747,100,0
748,100,0
749,100,0
750,100,0
751,100,0
752,100,0
753,100,0
754,100,0
755,100,0
756,100,0
757,98,8
758,95,8
759,100,0
760,100,0
761,100,0
762,100,0
763,100,0
764,100,0
765,100,0
766,100,0
767,100,0
768,100,0
769,100,0
770,100,0
771,100,0
772,100,0
773,95,8
774,98,8
775,100,0
776,100,0
777,100,0
778,88,8
779,95,8
780,98,8
781,20,5
782,0,1
783,0,1
784,0,1
785,0,1
786,0,1
787,0,1
788,0,1
789,0,1
790,0,1
791,0,1
792,0,1
793,0,1
794,0,1
795,0,1
796,80,8
797,79,8
798,91,8
799,85,8
800,94,8
801,100,0
802,100,0
803,100,0
804,100,0
805,98,8
806,0,1
807,0,1
808,98,8
809,5,1
810,0,1
811,0,1
812,16,3
813,35,7
814,69,8
815,75,8
816,100,0
817,100,0
818,100,0
819,100,0
820,79,8
821,85,8
822,100,0
823,100,0
824,48,7
825,32,6
826,17,4
827,0,1
828,0,1
829,0,1
830,0,1
831,0,1
832,1,1
833,0,1
834,0,1
835,41,7
836,76,8
837,97,8
838,89,8
839,86,8
840,85,8
841,83,8
842,85,8
843,91,8
844,89,8
845,80,8
846,66,8
847,70,8
848,82,8
849,92,8
850,94,8
851,85,8
852,98,8
853,94,8
854,100,0
855,94,8
856,86,8
857,88,8
858,5,1
859,4,1
860,0,1
861,1,1
862,1,1
863,45,7
864,79,8
865,94,8
866,98,8
867,95,8
868,98,8
869,92,8
870,80,8
871,51,8
872,80,8
873,100,0
874,100,0
875,100,0
876,100,0
877,100,0
878,100,0
879,100,0
880,98,8
881,100,0
882,100,0
883,100,0
884,100,0
885,100,0
886,100,0
887,100,0
888,100,0
889,100,0
890,100,0
891,100,0
892,100,0
893,100,0
894,100,0
895,100,0
896,100,0
897,100,0
898,97,8
899,100,0
900,98,8
901,97,8
902,79,8
903,88,8
904,86,8
905,88,8
906,98,8
907,100,0
908,100,0
909,100,0
910,100,0
911,100,0
912,100,0
913,100,0
914,100,0
915,100,0
916,95,8
917,88,8
918,100,0
919,100,0
920,92,8
921,85,8
922,89,8
923,94,8
924,100,0
925,94,8
926,97,8
927,72,8
928,47,7
929,39,7
930,32,6
931,39,7
932,57,8
933,82,8
934,98,8
935,98,8
936,98,8
937,100,0
938,100,0
939,100,0
940,100,0
941,100,0
942,100,0
943,100,0
944,95,8
945,82,8
946,97,8
947,98,8
948,100,0
949,94,8
950,47,7
951,2,1
952,4,1
953,0,1
954,2,1
955,4,1
956,0,1
957,7,1
958,76,8
959,82,8
960,85,8
961,95,8
962,100,0
963,100,0
964,100,0
965,100,0
966,100,0
967,92,8
968,77,8
969,70,8
970,73,8
971,89,8
972,80,8
973,20.7,5
974,63,8
975,10,1
976,47,7
977,77,8
978,89,8
979,95,8
980,97,8
981,95,8
982,97,8
983,98,8
984,98,8
985,98,8
986,98,8
987,98,8
988,95,8
989,98,8
990,94,8
991,76,8
992,88,8
993,91,8
994,92,8
995,92,8
996,100,0
997,92,8
998,100,0
999,100,0
1000,91,8
1001,100,0
1002,98,8
1003,95,8
1004,92,8
1005,100,0
1006,100,0
1007,100,0
1008,100,0
1009,100,0
1010,100,0
1011,100,0
1012,100,0
1013,100,0
1014,100,0
1015,100,0
1016,95,8
1017,85,8
1018,85,8
1019,89,8
1020,92,8
1021,91,8
1022,7,1
1023,0,1
1024,39,7
1025,95,8
1026,82,8
1027,1,1
1028,61,8
1029,100,0
1030,100,0
1031,100,0
1032,95,8
1033,91,8
1034,89,8
1035,100,0
1036,100,0
1037,100,0
1038,100,0
1039,98,8
1040,100,0
1041,98,8
1042,100,0
1043,100,0
1044,100,0
1045,100,0
1046,100,0
1047,100,0
1048,100,0
1049,98,8
1050,97,8
1051,97,8
1052,94,8
1053,100,0
1054,100,0
1055,100,0
1056,98,8
1057,100,0
1058,98,8
1059,95,8
1060,95,8
1061,100,0
1062,98,8
1063,100,0
1064,100,0
1065,100,0
1066,100,0
1067,100,0
1068,100,0
1069,100,0
1070,100,0
1071,100,0
1072,100,0
1073,100,0
1074,100,0
1075,100,0
1076,95,8
1077,76,8
1078,64,8
1079,79,8
1080,89,8
1081,86,8
1082,100,0
1083,100,0
1084,100,0
1085,98,8
1086,98,8
1087,100,0
1088,100,0
1089,100,0
1090,100,0
1091,100,0
1092,83,8
1093,27,6
1094,17,4
1095,23,5
1096,55,8
1097,57,8
1098,54,8
1099,98,8
1100,85,8
1101,100,0
1102,100,0
1103,100,0
1104,100,0
1105,98,8
1106,98,8
1107,98,8
1108,98,8
1109,100,0
1110,100,0
1111,100,0
1112,100,0
1113,100,0
1114,100,0
1115,100,0
1116,98,8
1117,94,8
1118,79,8
1119,82,8
1120,91,8
1121,82,8
1122,92,8
1123,100,0
1124,95,8
1125,100,0
1126,100,0
1127,100,0
1128,98,8
1129,100,0
1130,100,0
1131,100,0
1132,100,0
1133,100,0
1134,100,0
1135,100,0
1136,100,0
1137,100,0
1138,100,0
1139,98,8
1140,100,0
1141,98,8
1142,27,6
1143,98,8
1144,45,7
1145,60,8
1146,4,1
1147,0,1
1148,1,1
1149,1,1
1150,4,1
1151,11,1
1152,7,1
1153,17,4
1154,36,7
1155,91,8
1156,100,0
1157,92,8
1158,100,0
1159,100,0
1160,100,0
1161,100,0
1162,100,0
1163,100,0
1164,94,8
1165,92,8
1166,83,8
1167,73,8
1168,91,8
1169,88,8
1170,100,0
1171,100,0
1172,100,0
1173,100,0
1174,100,0
1175,100,0
1176,100,0
1177,100,0
1178,100,0
1179,100,0
1180,100,0
1181,100,0
1182,100,0
1183,100,0
1184,100,0
1185,100,0
1186,97,8
1187,91,8
1188,70,8
1189,50,8
1190,83,8
1191,79,8
1192,73,8
1193,70,8
1194,73,8
1195,77,8
1196,63,8
1197,73,8
1198,73,8
1199,79,8
1200,82,8
1201,89,8
1202,89,8
1203,92,8
1204,95,8
1205,97,8
1206,100,0
1207,100,0
1208,100,0
1209,100,0
1210,100,0
1211,100,0
1212,100,0
1213,100,0
1214,100,0
1215,100,0
1216,100,0
1217,100,0
1218,100,0
1219,100,0
1220,100,0
1221,100,0
1222,100,0
1223,100,0
1224,100,0
1225,100,0
1226,100,0
1227,100,0
1228,100,0
1229,95,8
1230,97,8
1231,100,0
1232,100,0
1233,100,0
1234,100,0
1235,100,0
1236,100,0
1237,100,0
1238,100,0
1239,100,0
1240,100,0
1241,94,8
1242,95,8
1243,97,8
1244,98,8
1245,98,8
1246,100,0
1247,100,0
1248,92,8
1249,98,8
1250,100,0
1251,98,8
1252,100,0
1253,100,0
1254,100,0
1255,100,0
1256,100,0
1257,100,0
1258,100,0
1259,82,8
1260,42,7
1261,57,8
1262,60,8
1263,44,7
1264,52,8
1265,42,7
1266,39,7
1267,32,6
1268,20,5
1269,89,8
1270,100,0
1271,100,0
1272,100,0
1273,98,8
1274,92,8
1275,92,8
1276,97,8
1277,97,8
1278,91,8
1279,88,8
1280,92,8
1281,100,0
1282,97,8
1283,100,0
1284,98,8
1285,100,0
1286,1,1
1287,8,1
1288,42,7
1289,60,8
1290,67,8
1291,63,8
1292,75,8
1293,76,8
1294,76,8
1295,79,8
1296,86,8
1297,92,8
1298,98,8
1299,100,0
1300,100,0
1301,98,8
1302,100,0
1303,98,8
1304,98,8
1305,98,8
1306,92,8
1307,95,8
1308,100,0
1309,97,8
1310,69,8
1311,77,8
1312,63,8
1313,88,8
1314,92,8
1315,64,8
1316,79,8
1317,98,8
1318,88,8
1319,100,0
1320,88,8
1321,54,8
1322,52,8
1323,54,8
1324,64,8
1325,82,8
1326,83,8
1327,85,8
1328,73,8
1329,100,0
1330,98,8
1331,63,8
1332,80,8
1333,88,8
1334,79,8
1335,79,8
1336,60,8
1337,85,8
1338,73,8
1339,85,8
1340,100,0
1341,100,0
1342,100,0
1343,100,0
1344,100,0
1345,100,0
1346,100,0
1347,100,0
1348,100,0
1349,100,0
1350,100,0
1351,100,0
1352,100,0
1353,100,0
1354,100,0
1355,60,8
1356,48,7
1357,54,8
1358,86,8
1359,97,8
1360,98,8
1361,98,8
1362,100,0
1363,100,0
1364,100,0
1365,100,0
1366,100,0
1367,100,0
1368,100,0
1369,100,0
1370,100,0
1371,100,0
1372,100,0
1373,100,0
1374,89,8
1375,100,0
1376,98,8
1377,100,0
1378,100,0
1379,100,0
1380,100,0
1381,100,0
1382,89,8
1383,85,8
1384,91,8
1385,98,8
1386,76,8
1387,80,8
1388,89,8
1389,97,8
1390,88,8
1391,86,8
1392,97,8
1393,98,8
1394,100,0
1395,100,0
1396,100,0
1397,100,0
1398,100,0
1399,100,0
1400,100,0
1401,100,0
1402,98,8
1403,45,7
1404,19,4
1405,11,1
1406,1,1
1407,0,1
1408,7,1
1409,0,1
1410,0,1
1411,0,1
1412,0,1
1413,1,1
1414,4,1
1415,17,4
1416,41,7
1417,58,8
1418,70,8
1419,88,8
1420,92,8
1421,100,0
1422,100,0
1423,100,0
1424,100,0
1425,100,0
1426,98,8
1427,0,1
1428,0,1
1429,0,1
1430,0,1
1431,0,1
1432,0,1
1433,2,1
1434,4,1
1435,7,1
1436,11,1
1437,10,1
1438,20,5
1439,100,0
1440,100,0
1441,47,7
1442,95,8
1443,100,0
1444,100,0
1445,100,0
1446,100,0
1447,100,0
1448,100,0
1449,100,0
1450,98,8
1451,95,8
1452,100,0
1453,100,0
1454,100,0
1455,100,0
1456,100,0
1457,45,7
1458,35,7
1459,100,0
1460,100,0
1461,100,0
1462,100,0
1463,100,0
1464,100,0
1465,100,0
1466,100,0
1467,100,0
1468,100,0
1469,100,0
1470,100,0
1471,100,0
1472,100,0
1473,100,0
1474,45,7
1475,41,7
1476,64,8
1477,70,8
1478,95,8
1479,100,0
1480,79,8
1481,51,8
1482,26,6
1483,30,6
1484,14,2
1485,50,8
1486,100,0
1487,80,8
1488,85,8
1489,92,8
1490,94,8
1491,100,0
1492,100,0
1493,100,0
1494,100,0
1495,100,0
1496,100,0
1497,100,0
1498,25,6
1499,8,1
1500,5,1
1501,7,1
1502,14,2
1503,23,5
1504,35,7
1505,44,7
1506,29,6
1507,36,7
1508,48,7
1509,67,8
1510,61,8
1511,52,8
1512,51,8
1513,50,8
1514,64,8
1515,91,8
1516,100,0
1517,100,0
1518,100,0
1519,100,0
1520,100,0
1521,100,0
1522,100,0
1523,70,8
1524,17,4
1525,20,5
1526,29,6
1527,16,3
1528,14,2
1529,1,1
1530,7,1
1531,4,1
1532,2,1
1533,2,1
1534,30,6
1535,42,7
1536,72,8
1537,92,8
1538,92,8
1539,100,0
1540,100,0
1541,100,0
1542,100,0
1543,100,0
1544,100,0
1545,100,0
1546,100,0
1547,100,0
1548,100,0
1549,10,1
1550,10,1
1551,35,7
1552,32,6
1553,58,8
1554,41,7
1555,33,6
1556,23,5
1557,23,5
1558,23,5
1559,16,3
1560,11,1
1561,30,6
1562,48,7
1563,60,8
1564,57,8
1565,72,8
1566,55,8
1567,73,8
1568,100,0
1569,100,0
1570,100,0
1571,19,4
1572,11,1
1573,19,4
1574,19,4
1575,25,6
1576,25,6
1577,58,8
1578,30,6
1579,22,5
1580,14,2
1581,7,1
1582,20,5
1583,16,3
1584,16,3
1585,14,2
1586,4,1
1587,1,1
1588,29,6
1589,42,7
1590,35,7
1591,67,8
1592,73,8
1593,85,8
1594,100,0
1595,100,0
1596,100,0
1597,100,0
1598,100,0
1599,100,0
1600,0,1
1601,0,1
1602,0,1
1603,1,1
1604,32,6
1605,52,8
1606,60,8
1607,70,8
1608,100,0
1609,100,0
1610,100,0
1611,100,0
1612,98,8
1613,100,0
1614,100,0
1615,100,0
1616,100,0
1617,100,0
1618,100,0
1619,42,7
1620,14,2
1621,22,5
1622,14,2
1623,4,1
1624,5,1
1625,0,1
1626,1,1
1627,1,1
1628,0,1
1629,11,1
1630,35,7
1631,51,8
1632,55,8
1633,70,8
1634,98,8
1635,98,8
1636,91,8
1637,98,8
1638,98,8
1639,100,0
1640,100,0
1641,100,0
1642,100,0
1643,95,8
1644,7,1
1645,1,1
1646,7,1
1647,4,1
1648,10,1
1649,4,1
1650,0,1
1651,0,1
1652,0,1
1653,2,1
1654,1,1
1655,0,1
1656,0,1
1657,4,1
1658,20,5
1659,51,8
1660,52,8
1661,70,8
1662,79,8
1663,100,0
1664,1,1
1665,35,7
1666,100,0
1667,11,1
1668,0,1
1669,7,1
1670,8,1
1671,23,5
1672,45,7
1673,45,7
1674,52,8
1675,45,7
1676,67,8
1677,75,8
1678,98,8
1679,100,0
1680,100,0
1681,100,0
1682,100,0
1683,100,0
1684,98,8
1685,100,0
1686,100,0
1687,100,0
1688,100,0
1689,98,8
1690,100,0
1691,76,8
1692,48,7
1693,26,6
1694,39,7
1695,95,8
1696,100,0
1697,100,0
1698,100,0
1699,100,0
1700,100,0
1701,100,0
1702,100,0
1703,92,8
1704,89,8
1705,97,8
1706,100,0
1707,100,0
1708,100,0
1709,100,0
1710,100,0
1711,100,0
1712,100,0
1713,100,0
1714,98,8
1715,100,0
1716,100,0
1717,100,0
1718,100,0
1719,100,0
1720,100,0
1721,100,0
1722,100,0
1723,100,0
1724,100,0
1725,100,0
1726,100,0
1727,100,0
1728,100,0
1729,100,0
1730,100,0
1731,100,0
1732,100,0
1733,98,8
1734,100,0
1735,100,0
1736,100,0
1737,100,0
1738,61,8
1739,57,8
1740,41,7
1741,35,7
1742,35,7
1743,51,8
1744,67,8
1745,92,8
1746,100,0
1747,100,0
1748,100,0
1749,98,8
1750,100,0
1751,100,0
1752,98,8
1753,100,0
1754,100,0
1755,85,8
1756,72,8
1757,60,8
1758,64,8
1759,79,8
1760,86,8
1761,77,8
1762,72,8
1763,48,7
1764,41,7
1765,35,7
1766,57,8
1767,82,8
1768,58,8
1769,79,8
1770,33,6
1771,29,6
1772,97,8
1773,100,0
1774,100,0
1775,100,0
1776,100,0
1777,100,0
1778,100,0
1779,100,0
1780,100,0
1781,100,0
1782,100,0
1783,100,0
1784,100,0
1785,100,0
1786,100,0
1787,100,0
1788,67,8
1789,26,6
1790,35,7
1791,4,1
1792,75,8
1793,92,8
1794,89,8
1795,92,8
1796,73,8
1797,66,8
1798,79,8
1799,91,8
1800,72,8
1801,85,8
1802,100,0
1803,98,8
1804,100,0
1805,100,0
1806,100,0
1807,100,0
1808,100,0
1809,100,0
1810,100,0
1811,100,0
1812,100,0
1813,100,0
1814,100,0
1815,100,0
1816,82,8
1817,89,8
1818,76,8
1819,95,8
1820,89,8
1821,92,8
1822,95,8
1823,100,0
1824,100,0
1825,100,0
1826,91,8
1827,100,0
1828,100,0
1829,100,0
1830,100,0
1831,100,0
1832,100,0
1833,100,0
1834,98,8
1835,94,8
1836,88,8
1837,51,8
1838,39,7
1839,58,8
1840,0,1
1841,0,1
1842,0,1
1843,7,1
1844,0,1
1845,7,1
1846,29,6
1847,76,8
1848,98,8
1849,92,8
1850,95,8
1851,79,8
1852,100,0
1853,100,0
1854,70,8
1855,79,8
1856,67,8
1857,70,8
1858,89,8
1859,92,8
1860,89,8
1861,79,8
1862,100,0
1863,60,8
1864,22,5
1865,8,1
1866,26,6
1867,20,5
1868,26,6
1869,38,7
1870,54,8
1871,89,8
1872,95,8
1873,100,0
1874,100,0
1875,100,0
1876,100,0
1877,100,0
1878,100,0
1879,100,0
1880,100,0
1881,100,0
1882,85,8
1883,55,8
1884,4,1
1885,26,6
1886,32,6
1887,35,7
1888,39,7
1889,77,8
1890,83,8
1891,61,8
1892,29,6
1893,19,4
1894,17,4
1895,39,7
1896,57,8
1897,98,8
1898,100,0
1899,100,0
1900,100,0
1901,100,0
1902,100,0
1903,100,0
1904,100,0
1905,100,0
1906,100,0
1907,64,8
1908,77,8
1909,35,7
1910,19,4
1911,14,2
1912,17,4
1913,10,1
1914,16,3
1915,19,4
1916,33,6
1917,32,6
1918,38,7
1919,67,8
1920,100,0
1921,100,0
1922,100,0
1923,100,0
1924,100,0
1925,100,0
1926,100,0
1927,100,0
1928,100,0
1929,100,0
1930,100,0
1931,100,0
1932,26,6
1933,2,1
1934,17,4
1935,5,1
1936,10,1
1937,26,6
1938,32,6
1939,23,5
1940,0,1
1941,14,2
1942,32,6
1943,58,8
1944,61,8
1945,79,8
1946,79,8
1947,100,0
1948,100,0
1949,100,0
1950,100,0
1951,100,0
1952,100,0
1953,100,0
1954,100,0
1955,100,0
1956,100,0
1957,98,8
1958,26,6
1959,4,1
1960,7,1
1961,10,1
1962,8,1
1963,0,1
1964,0,1
1965,0,1
1966,0,1
1967,0,1
1968,0,1
1969,0,1
1970,0,1
1971,4,1
1972,23,5
1973,100,0
1974,98,8
1975,82,8
1976,100,0
1977,100,0
1978,100,0
1979,100,0
1980,100,0
1981,7,1
1982,5,1
1983,5,1
1984,10,1
1985,23,5
1986,19,4
1987,22,5
1988,25,6
1989,76,8
1990,97,8
1991,100,0
1992,98,8
1993,100,0
1994,100,0
1995,100,0
1996,100,0
1997,100,0
1998,100,0
1999,100,0
2000,100,0
2001,100,0
2002,100,0
2003,97,8
2004,100,0
2005,100,0
2006,97,8
2007,95,8
2008,79,8
2009,63,8
2010,76,8
2011,86,8
2012,63,8
2013,77,8
2014,75,8
2015,100,0
2016,98,8
2017,100,0
2018,100,0
2019,100,0
2020,100,0
2021,100,0
2022,100,0
2023,98,8
2024,98,8
2025,100,0
2026,57,8
2027,54,8
2028,54,8
2029,23,5
2030,11,1
2031,5,1
2032,0,1
2033,4,1
2034,1,1
2035,0,1
2036,0,1
2037,0,1
2038,0,1
2039,0,1
2040,0,1
2041,0,1
2042,0,1
2043,0,1
2044,1,1
2045,1,1
2046,0,1
2047,0,1
2048,2,1
2049,14,2
2050,2,1
2051,1,1
2052,0,1
2053,0,1
2054,0,1
2055,0,1
2056,0.3,1
2057,0,1
2058,79,8
2059,80,8
2060,77,8
2061,79,8
2062,10,1
2063,38,7
2064,61,8
2065,73,8
2066,85,8
2067,100,0
2068,100,0
2069,100,0
2070,100,0
2071,67,8
2072,39,7
2073,17,4
2074,54,8
2075,51,8
2076,41,7
2077,29,6
2078,26.7,6
2079,22,5
2080,7.8,1
2081,11.700001,1
2082,9.6,1
2083,20.1,5
2084,23.7,5
2085,36,7
2086,60,8
2087,70,8
2088,82,8
2089,100,0
2090,100,0
2091,100,0
2092,100,0
2093,100,0
2094,100,0
2095,100,0
2096,100,0
2097,100,0
2098,100,0
2099,100,0
2100,100,0
2101,100,0
2102,100,0
2103,100,0
2104,100,0
2105,67,8
2106,41,7
2107,32,6
2108,52,8
2109,94,8
2110,89,8
2111,100,0
2112,98,8
2113,100,0
2114,100,0
2115,100,0
2116,100,0
2117,100,0
2118,100,0
2119,100,0
2120,100,0
2121,58,8
2122,100,0
2123,98,8
2124,44,7
2125,36,7
2126,25,6
2127,48,7
2128,42,7
2129,72,8
2130,42,7
2131,33,6
2132,57,8
2133,94,8
2134,97,8
2135,100,0
2136,73,8
2137,100,0
2138,100,0
2139,100,0
2140,100,0
2141,98,8
2142,100,0
2143,100,0
2144,100,0
2145,100,0
2146,100,0
2147,100,0
2148,100,0
2149,100,0
2150,45,7
2151,52,8
2152,35,7
2153,58,8
2154,66,8
2155,45,7
2156,72,8
2157,76,8
2158,45,7
2159,52,8
2160,73,8
2161,88,8
2162,100,0
2163,100,0
2164,100,0
2165,100,0
2166,100,0
2167,100,0
2168,100,0
2169,100,0
2170,100,0
2171,100,0
2172,85,8
2173,10,1
2174,23,5
2175,44,7
2176,67,8
2177,44,7
2178,45,7
2179,30,6
2180,57,8
2181,52,8
2182,14,2
2183,23,5
2184,51,8
2185,86,8
2186,89,8
2187,88,8
2188,100,0
2189,100,0
2190,100,0
2191,100,0
2192,100,0
2193,100,0
2194,100,0
2195,100,0
2196,20,5
2197,26,6
2198,85,8
2199,79,8
2200,0,1
2201,0,1
2202,0,1
2203,0,1
2204,0,1
2205,0,1
2206,16,3
2207,42,7
2208,66,8
2209,73,8
2210,92,8
2211,100,0
2212,100,0
2213,100,0
2214,100,0
2215,100,0
2216,100,0
2217,100,0
2218,100,0
2219,100,0
2220,100,0
2221,66,8
2222,9.6,1
2223,2,1
2224,0,1
2225,17,4
2226,20,5
2227,70,8
2228,73,8
2229,98,8
2230,100,0
2231,100,0
2232,100,0
2233,100,0
2234,100,0
2235,100,0
2236,100,0
2237,100,0
2238,100,0
2239,100,0
2240,100,0
2241,100,0
2242,100,0
2243,100,0
2244,16,3
2245,9.900001,1
2246,7.8,1
2247,10,1
2248,8.700001,1
2249,13,2
2250,12.6,2
2251,7.8,1
2252,6.9,1
2253,7.8,1
2254,17,4
2255,100,0
2256,100,0
2257,98,8
2258,98,8
2259,95,8
2260,100,0
2261,100,0
2262,100,0
2263,100,0
2264,100,0
2265,100,0
2266,100,0
2267,100,0
2268,100,0
2269,48,7
2270,10,1
2271,13,2
2272,11,1
2273,21,5
2274,26,6
2275,82,8
2276,92,8
2277,82,8
2278,58,8
2279,67,8
2280,94,8
2281,100,0
2282,100,0
2283,100,0
2284,100,0
2285,100,0
2286,100,0
2287,100,0
2288,100,0
2289,100,0
2290,100,0
2291,100,0
2292,70,8
2293,32,6
2294,13,2
2295,1.2,1
2296,2,1
2297,32,6
2298,47,7
2299,36,7
2300,32,6
2301,79,8
2302,82,8
2303,89,8
2304,80,8
2305,100,0
2306,100,0
2307,100,0
2308,100,0
2309,98,8
2310,97,8
2311,83,8
2312,100,0
2313,67,8
2314,66,8
2315,55,8
2316,23,5
2317,19,4
2318,19,4
2319,5,1
2320,14,2
2321,5.1000004,1
2322,9.6,1
2323,20.1,5
2324,45,7
2325,69,8
2326,80,8
2327,64,8
2328,82,8
2329,72,8
2330,76,8
2331,67,8
2332,79,8
2333,100,0
2334,100,0
2335,100,0
2336,100,0
2337,100,0
2338,100,0
2339,91,8
2340,85,8
2341,69,8
2342,33,6
2343,57,8
2344,92,8
2345,89,8
2346,70,8
2347,76,8
2348,67,8
2349,29,6
2350,39,7
2351,50,8
2352,77,8
2353,100,0
2354,100,0
2355,100,0
2356,100,0
2357,100,0
2358,100,0
2359,98,8
2360,100,0
2361,100,0
2362,100,0
2363,100,0
2364,100,0
2365,73,8
2366,14,2
2367,0.6,1
2368,1,1
2369,4,1
2370,3,1
2371,1.5,1
2372,1,1
2373,0,1
2374,8,1
2375,45,7
2376,60,8
2377,73,8
2378,100,0
2379,100,0
2380,100,0
2381,100,0
2382,100,0
2383,100,0
2384,100,0
2385,100,0
2386,92,8
2387,13,2
2388,7.5000005,1
2389,14,2
2390,16.2,3
2391,18.300001,4
2392,24.6,5
2393,26.7,6
2394,19,4
2395,14,2
2396,10.5,1
2397,27,6
2398,54,8
2399,29,6
2400,33,6
2401,22,5
2402,57,8
2403,75,8
2404,66,8
2405,89,8
2406,100,0
2407,100,0
2408,100,0
2409,100,0
2410,100,0
2411,0,1
2412,0,1
2413,0.3,1
2414,1.2,1
2415,3.3000002,1
2416,20.1,5
2417,26.7,6
2418,24,5
2419,14.400001,3
2420,6.9,1
2421,2.1000001,1
2422,0,1
2423,10,1
2424,36,7
2425,60,8
2426,67,8
2427,98,8
2428,98,8
2429,98,8
2430,100,0
2431,100,0
2432,100,0
2433,100,0
2434,100,0
2435,100,0
2436,28.2,6
2437,17.400002,4
2438,5.7000003,1
2439,17,4
2440,20,5
2441,51,8
2442,80,8
2443,85,8
2444,82,8
2445,83,8
2446,72,8
2447,85,8
2448,79,8
2449,82,8
2450,95,8
2451,100,0
2452,100,0
2453,100,0
2454,100,0
2455,100,0
2456,100,0
2457,100,0
2458,77,8
2459,41,7
2460,10,1
2461,22,5
2462,36,7
2463,26,6
2464,35,7
2465,36,7
2466,15.3,3
2467,17,4
2468,7,1
2469,13,2
2470,100,0
2471,100,0
2472,95,8
2473,100,0
2474,98,8
2475,100,0
2476,100,0
2477,100,0
2478,100,0
2479,100,0
2480,100,0
2481,100,0
2482,69,8
2483,30,6
2484,26,6
2485,10,1
2486,38,7
2487,22,5
2488,4.2000003,1
2489,8.1,1
2490,8.700001,1
2491,20,5
2492,22,5
2493,9.6,1
2494,14,2
2495,38,7
2496,51,8
2497,100,0
2498,100,0
2499,100,0
2500,100,0
2501,100,0
2502,100,0
2503,100,0
2504,100,0
2505,100,0
2506,64,8
2507,60,8
2508,75,8
2509,75,8
2510,85,8
2511,83,8
2512,67,8
2513,72,8
2514,23,5
2515,51,8
2516,7.8,1
2517,7,1
2518,1,1
2519,100,0
2520,100,0
2521,100,0
2522,100,0
2523,100,0
2524,100,0
2525,98,8
2526,83,8
2527,94,8
2528,85,8
2529,26,6
2530,29,6
2531,45,7
2532,89,8
2533,82,8
2534,100,0
2535,100,0
2536,100,0
2537,100,0
2538,100,0
2539,100,0
2540,97,8
2541,86,8
2542,100,0
2543,100,0
2544,100,0
2545,100,0
2546,100,0
2547,92,8
2548,98,8
2549,85,8
2550,89,8
2551,98,8
2552,100,0
2553,100,0
2554,100,0
2555,100,0
2556,100,0
2557,100,0
2558,100,0
2559,100,0
2560,98,8
2561,100,0
2562,100,0
2563,100,0
2564,70,8
2565,91,8
2566,80,8
2567,98,8
2568,88,8
2569,98,8
2570,69,8
2571,66,8
2572,79,8
2573,67,8
2574,88,8
2575,98,8
2576,98,8
2577,100,0
2578,100,0
2579,100,0
2580,100,0
2581,89,8
2582,98,8
2583,98,8
2584,79,8
2585,61,8
2586,35,7
2587,54,8
2588,92,8
2589,100,0
2590,100,0
2591,100,0
2592,98,8
2593,100,0
2594,100,0
2595,100,0
2596,100,0
2597,100,0
2598,100,0
2599,100,0
2600,100,0
2601,100,0
2602,100,0
2603,44,7
2604,10,1
2605,10,1
2606,4,1
2607,10,1
2608,10,1
2609,13,2
2610,57,8
2611,89,8
2612,95,8
2613,98,8
2614,98,8
2615,94,8
2616,97,8
2617,94,8
2618,98,8
2619,2,1
2620,4,1
2621,10,1
2622,17,4
2623,11,1
2624,100,0
2625,100,0
2626,95,8
2627,82,8
2628,20,5
2629,1.2,1
2630,2.4,1
2631,6.9,1
2632,6.6000004,1
2633,12.6,2
2634,13.200001,2
2635,11.700001,1
2636,15.6,3
2637,33,6
2638,25,6
2639,57,8
2640,100,0
2641,100,0
2642,100,0
2643,100,0
2644,100,0
2645,100,0
2646,100,0
2647,100,0
2648,100,0
2649,100,0
2650,100,0
2651,100,0
2652,76,8
2653,17,4
2654,26,6
2655,32,6
2656,36,7
2657,29,6
2658,35,7
2659,42,7
2660,54,8
2661,57,8
2662,36,7
2663,100,0
2664,95,8
2665,98,8
2666,95,8
2667,100,0
2668,100,0
2669,100,0
2670,100,0
2671,100,0
2672,100,0
2673,100,0
2674,100,0
2675,79,8
2676,0,1
2677,0,1
2678,1.2,1
2679,1.2,1
2680,4,1
2681,0,1
2682,0,1
2683,0,1
2684,0,1
2685,0,1
2686,4,1
2687,41,7
2688,60,8
2689,82,8
2690,100,0
2691,100,0
2692,100,0
2693,100,0
2694,100,0
2695,100,0
2696,100,0
2697,100,0
2698,100,0
2699,48,7
2700,4,1
2701,1,1
2702,1.2,1
2703,2.1000001,1
2704,2.1000001,1
2705,3.3000002,1
2706,0.6,1
2707,4,1
2708,6,1
2709,0,1
2710,0,1
2711,29,6
2712,45,7
2713,55,8
2714,76,8
2715,100,0
2716,100,0
2717,100,0
2718,100,0
2719,100,0
2720,100,0
2721,100,0
2722,100,0
2723,73,8
2724,0,1
2725,1,1
2726,5,1
2727,25,6
2728,19,4
2729,14,2
2730,27,6
2731,45,7
2732,17,4
2733,29,6
2734,38,7
2735,54,8
2736,70,8
2737,75,8
2738,95,8
2739,100,0
2740,98,8
2741,100,0
2742,98,8
2743,100,0
2744,100,0
2745,100,0
2746,100,0
2747,100,0
2748,100,0
2749,100,0
2750,73,8
2751,14,2
2752,20,5
2753,26,6
2754,23,5
2755,23,5
2756,35,7
2757,94,8
2758,100,0
2759,86,8
2760,100,0
2761,100,0
2762,100,0
2763,100,0
2764,100,0
2765,100,0
2766,100,0
2767,100,0
2768,100,0
2769,100,0
2770,100,0
2771,4,1
2772,14,2
2773,19,4
2774,7,1
2775,10,1
2776,14,2
2777,14,2
2778,8,1
2779,11,1
2780,1,1
2781,7,1
2782,30,6
2783,51,8
2784,57,8
2785,75,8
2786,85,8
2787,100,0
2788,98,8
2789,100,0
2790,100,0
2791,100,0
2792,100,0
2793,100,0
2794,100,0
2795,82,8
2796,14,2
2797,0,1
2798,1,1
2799,0,1
2800,0,1
2801,0,1
2802,0,1
2803,0,1
2804,0,1
2805,0,1
2806,20,5
2807,47,7
2808,64,8
2809,70,8
2810,100,0
2811,98,8
2812,98,8
2813,100,0
2814,100,0
2815,100,0
2816,100,0
2817,100,0
2818,100,0
2819,100,0
2820,25,6
2821,0,1
2822,5,1
2823,32,6
2824,23,5
2825,16,3
2826,4,1
2827,1,1
2828,0,1
2829,0,1
2830,0,1
2831,0,1
2832,0,1
2833,7,1
2834,36,7
2835,100,0
2836,98,8
2837,97,8
2838,100,0
2839,100,0
2840,100,0
2841,100,0
2842,100,0
2843,100,0
2844,97,8
2845,14,2
2846,7,1
2847,1,1
2848,4,1
2849,0,1
2850,4,1
2851,4,1
2852,16,3
2853,23,5
2854,22,5
2855,41,7
2856,48,7
2857,100,0
2858,95,8
2859,92,8
2860,100,0
2861,100,0
2862,100,0
2863,100,0
2864,100,0
2865,98,8
2866,100,0
2867,41,7
2868,32,6
2869,23,5
2870,20,5
2871,35,7
2872,60,8
2873,70,8
2874,35,7
2875,7,1
2876,29,6
2877,30,6
2878,23,5
2879,32,6
2880,54,8
2881,100,0
2882,100,0
2883,100,0
2884,100,0
2885,100,0
2886,76,8
2887,72,8
2888,77,8
2889,77,8
2890,73,8
2891,69,8
2892,54,8
2893,60,8
2894,64,8
2895,42,7
2896,36,7
2897,51,8
2898,32,6
2899,50,8
2900,98,8
2901,100,0
2902,100,0
2903,100,0
2904,98,8
2905,100,0
2906,100,0
2907,100,0
2908,98,8
2909,95,8
2910,97,8
2911,97,8
2912,91,8
2913,100,0
2914,89,8
2915,60,8
2916,50,8
2917,39,7
2918,45,7
2919,44,7
2920,32,6
2921,54,8
2922,48,7
2923,67,8
2924,61,8
2925,100,0
2926,100,0
2927,100,0
2928,95,8
2929,97,8
2930,100,0
2931,100,0
2932,100,0
2933,98,8
2934,97,8
2935,100,0
2936,98,8
2937,100,0
2938,100,0
2939,100,0
2940,97,8
2941,83,8
2942,82,8
2943,92,8
2944,55,8
2945,58,8
2946,69,8
2947,22,5
2948,98,8
2949,100,0
2950,100,0
2951,100,0
2952,100,0
2953,100,0
2954,100,0
2955,100,0
2956,100,0
2957,100,0
2958,100,0
2959,100,0
2960,100,0
2961,100,0
2962,100,0
2963,4,1
2964,11,1
2965,10,1
2966,17,4
2967,17,4
2968,16,3
2969,10,1
2970,8,1
2971,5,1
2972,7,1
2973,8,1
2974,10,1
2975,32,6
2976,61,8
2977,82,8
2978,100,0
2979,100,0
2980,100,0
2981,100,0
2982,100,0
2983,100,0
2984,100,0
2985,100,0
2986,100,0
2987,36,7
2988,1,1
2989,8,1
2990,10,1
2991,10,1
2992,4,1
2993,7,1
2994,1,1
2995,10,1
2996,4,1
2997,2,1
2998,1,1
2999,4,1
3000,14,2
3001,39,7
3002,98,8
3003,98,8
3004,100,0
3005,100,0
3006,100,0
3007,100,0
3008,100,0
3009,100,0
3010,100,0
3011,32,6
3012,0,1
3013,0,1
3014,0,1
3015,0,1
3016,2,1
3017,8,1
3018,13,2
3019,8,1
3020,2,1
3021,0,1
3022,1,1
3023,4,1
3024,57,8
3025,100,0
3026,100,0
3027,98,8
3028,100,0
3029,100,0
3030,100,0
3031,100,0
3032,100,0
3033,100,0
3034,100,0
3035,100,0
3036,27,6
3037,4,1
3038,35,7
3039,48,7
3040,23,5
3041,23,5
3042,26,6
3043,39,7
3044,42,7
3045,10,1
3046,1,1
3047,2,1
3048,2,1
3049,10,1
3050,19,4
3051,33,6
3052,51,8
3053,72,8
3054,86,8
3055,98,8
3056,100,0
3057,100,0
3058,100,0
3059,20,5
3060,0,1
3061,7,1
3062,1,1
3063,25,6
3064,4,1
3065,26,6
3066,23,5
3067,42,7
3068,2,1
3069,4,1
3070,1,1
3071,0,1
3072,0,1
3073,20,5
3074,44,7
3075,77,8
3076,98,8
3077,98,8
3078,97,8
3079,100,0
3080,100,0
3081,100,0
3082,100,0
3083,100,0
3084,48,7
3085,14,2
3086,29,6
3087,39,7
3088,8,1
3089,17,4
3090,13,2
3091,10,1
3092,10,1
3093,7,1
3094,1,1
3095,14,2
3096,36,7
3097,57,8
3098,76,8
3099,88,8
3100,91,8
3101,89,8
3102,95,8
3103,100,0
3104,100,0
3105,100,0
3106,100,0
3107,100,0
3108,48,7
3109,17,4
3110,10,1
3111,51,8
3112,75,8
3113,51,8
3114,54,8
3115,64,8
3116,48,7
3117,45,7
3118,33,6
3119,41,7
3120,55,8
3121,86,8
3122,100,0
3123,100,0
3124,100,0
3125,98,8
3126,98,8
3127,100,0
3128,100,0
3129,100,0
3130,69,8
3131,45,7
3132,38,7
3133,42,7
3134,48,7
3135,48,7
3136,23,5
3137,20,5
3138,39,7
3139,35,7
3140,29,6
3141,22,5
3142,26,6
3143,51,8
3144,70,8
3145,100,0
3146,100,0
3147,100,0
3148,100,0
3149,100,0
3150,100,0
3151,100,0
3152,30,6
3153,42,7
3154,72,8
3155,58,8
3156,60,8
3157,70,8
3158,32,6
3159,29,6
3160,54,8
3161,39,7
3162,29,6
3163,58,8
3164,98,8
3165,100,0
3166,100,0
3167,100,0
3168,100,0
3169,100,0
3170,100,0
3171,100,0
3172,100,0
3173,79,8
3174,100,0
3175,100,0
3176,100,0
3177,100,0
3178,57,8
3179,45,7
3180,25,6
3181,14,2
3182,14,2
3183,8,1
3184,22,5
3185,29,6
3186,38,7
3187,42,7
3188,25,6
3189,30,6
3190,38,7
3191,57,8
3192,100,0
3193,100,0
3194,100,0
3195,100,0
3196,98,8
3197,100,0
3198,98,8
3199,73,8
3200,42,7
3201,29,6
3202,14,2
3203,29,6
3204,88,8
3205,95,8
3206,85,8
3207,82,8
3208,77,8
3209,76,8
3210,88,8
3211,86,8
3212,82,8
3213,100,0
3214,100,0
3215,100,0
3216,100,0
3217,100,0
3218,100,0
3219,100,0
3220,100,0
3221,80,8
3222,76,8
3223,70,8
3224,76,8
3225,70,8
3226,77,8
3227,58,8
3228,73,8
3229,58,8
3230,45,7
3231,54,8
3232,1,1
3233,13,2
3234,29,6
3235,42,7
3236,63,8
3237,83,8
3238,100,0
3239,100,0
3240,100,0
3241,98,8
3242,100,0
3243,100,0
3244,100,0
3245,100,0
3246,100,0
3247,98,8
3248,64,8
3249,52,8
3250,57,8
3251,52,8
3252,60,8
3253,60,8
3254,52,8
3255,52,8
3256,26,6
3257,51,8
3258,45,7
3259,44,7
3260,20,5
3261,36,7
3262,85,8
3263,100,0
3264,100,0
3265,100,0
3266,100,0
3267,100,0
3268,100,0
3269,100,0
3270,100,0
3271,100,0
3272,100,0
3273,100,0
3274,57,8
3275,52,8
3276,57,8
3277,82,8
3278,63,8
3279,61,8
3280,30,6
3281,76,8
3282,67,8
3283,41,7
3284,61,8
3285,91,8
3286,98,8
3287,100,0
3288,100,0
3289,100,0
3290,100,0
3291,100,0
3292,100,0
3293,100,0
3294,100,0
3295,100,0
3296,76,8
3297,58,8
3298,47,7
3299,51,8
3300,70,8
3301,86,8
3302,58,8
3303,42,7
3304,83,8
3305,41,7
3306,48,7
3307,42,7
3308,52,8
3309,45,7
3310,60,8
3311,100,0
3312,100,0
3313,100,0
3314,100,0
3315,100,0
3316,100,0
3317,100,0
3318,100,0
3319,100,0
3320,100,0
3321,92,8
3322,67,8
3323,0,1
3324,1,1
3325,7,1
3326,20,5
3327,19,4
3328,32,6
3329,58,8
3330,54,8
3331,64,8
3332,32,6
3333,7,1
3334,47,7
3335,98,8
3336,100,0
3337,100,0
3338,100,0
3339,100,0
3340,100,0
3341,100,0
3342,100,0
3343,100,0
3344,100,0
3345,100,0
3346,64,8
3347,1,1
3348,0,1
3349,1,1
3350,35,7
3351,45,7
3352,55,8
3353,33,6
3354,70,8
3355,60,8
3356,58,8
3357,76,8
3358,100,0
3359,98,8
3360,100,0
3361,100,0
3362,100,0
3363,100,0
3364,100,0
3365,100,0
3366,100,0
3367,100,0
3368,100,0
3369,17,4
3370,0,1
3371,2,1
3372,14,2
3373,23,5
3374,16,3
3375,16,3
3376,20,5
3377,38,7
3378,77,8
3379,51,8
3380,29,6
3381,44,7
3382,30,6
3383,35,7
3384,88,8
3385,95,8
3386,82,8
3387,100,0
3388,100,0
3389,100,0
3390,100,0
3391,94,8
3392,79,8
3393,58,8
3394,48,7
3395,33,6
3396,17,4
3397,15.000001,3
3398,24,5
3399,27,6
3400,52,8
3401,63,8
3402,67,8
3403,10,1
3404,8,1
3405,39,7
3406,100,0
3407,100,0
3408,100,0
3409,100,0
3410,100,0
3411,100,0
3412,100,0
3413,100,0
3414,100,0
3415,100,0
3416,85,8
3417,29,6
3418,5,1
3419,29,6
3420,26,6
3421,33,6
3422,29,6
3423,17,4
3424,63,8
3425,50,8
3426,79,8
3427,70,8
3428,13,2
3429,20,5
3430,100,0
3431,100,0
3432,98,8
3433,100,0
3434,100,0
3435,98,8
3436,100,0
3437,75,8
3438,73,8
3439,100,0
3440,91,8
3441,42,7
3442,13,2
3443,17,4
3444,16,3
3445,36,7
3446,83,8
3447,100,0
3448,69,8
3449,35,7
3450,32,6
3451,57,8
3452,100,0
3453,98,8
3454,100,0
3455,100,0
3456,100,0
3457,100,0
3458,100,0
3459,98,8
3460,100,0
3461,100,0
3462,100,0
3463,98,8
3464,48,7
3465,51,8
3466,33,6
3467,32,6
3468,42,7
3469,26,6
3470,45,7
3471,35,7
3472,26,6
3473,26,6
3474,39,7
3475,20,5
3476,14,2
3477,13,2
3478,30,6
3479,47,7
3480,85,8
3481,100,0
3482,100,0
3483,100,0
3484,100,0
3485,100,0
3486,100,0
3487,100,0
3488,100,0
3489,60,8
3490,19,4
3491,1,1
3492,0,1
3493,23,5
3494,5,1
3495,10,1
3496,25,6
3497,30,6
3498,41,7
3499,25,6
3500,60,8
3501,32,6
3502,23,5
3503,70,8
3504,63,8
3505,100,0
3506,98,8
3507,100,0
3508,100,0
3509,100,0
3510,100,0
3511,100,0
3512,100,0
3513,100,0
3514,19,4
3515,5,1
3516,13,2
3517,11,1
3518,33,6
3519,44,7
3520,35,7
3521,29,6
3522,11,1
3523,20,5
3524,16,3
3525,16,3
3526,13,2
3527,13,2
3528,7,1
3529,11,1
3530,7,1
3531,29,6
3532,100,0
3533,100,0
3534,100,0
3535,100,0
3536,100,0
3537,100,0
3538,17,4
3539,2,1
3540,1,1
3541,7,1
3542,10,1
3543,32,6
3544,38,7
3545,5,1
3546,1,1
3547,10,1
3548,13,2
3549,4,1
3550,1,1
3551,0,1
3552,0,1
3553,13,2
3554,42,7
3555,58,8
3556,75,8
3557,100,0
3558,100,0
3559,100,0
3560,100,0
3561,100,0
3562,100,0
3563,32,6
3564,10,1
3565,8,1
3566,14,2
3567,14,2
3568,8,1
3569,1,1
3570,0,1
3571,1,1
3572,0,1
3573,0,1
3574,0,1
3575,0,1
3576,22,5
3577,42,7
3578,100,0
3579,100,0
3580,98,8
3581,98,8
3582,98,8
3583,100,0
3584,100,0
3585,100,0
3586,100,0
3587,57,8
3588,0,1
3589,10,1
3590,20,5
3591,13,2
3592,20,5
3593,27,6
3594,4,1
3595,0,1
3596,0,1
3597,0,1
3598,0,1
3599,0,1
3600,0,1
3601,0,1
3602,0,1
3603,0,1
3604,29,6
3605,64,8
3606,100,0
3607,100,0
3608,67,8
3609,0,1
3610,0,1
3611,0,1
3612,29,6
3613,29,6
3614,17,4
3615,2,1
3616,2,1
3617,10,1
3618,8,1
3619,1,1
3620,0,1
3621,0,1
3622,0,1
3623,0,1
3624,0,1
3625,0,1
3626,2,1
3627,1,1
3628,17,4
3629,100,0
3630,100,0
3631,100,0
3632,10,1
3633,0,1
3634,0,1
3635,0,1
3636,8,1
3637,14,2
3638,41,7
3639,38,7
3640,17,4
3641,4,1
3642,11,1
3643,8,1
3644,14,2
3645,10,1
3646,60,8
3647,100,0
3648,100,0
3649,100,0
3650,100,0
3651,100,0
3652,100,0
3653,100,0
3654,100,0
3655,100,0
3656,80,8
3657,66,8
3658,52,8
3659,23,5
3660,13,2
3661,29,6
3662,60,8
3663,64,8
3664,10,1
3665,14,2
3666,7,1
3667,17,4
3668,32,6
3669,52,8
3670,98,8
3671,100,0
3672,100,0
3673,100,0
3674,100,0
3675,100,0
3676,100,0
3677,100,0
3678,100,0
3679,100,0
3680,100,0
3681,100,0
3682,73,8
3683,7,1
3684,30,6
3685,4,1
3686,25,6
3687,19,4
3688,7,1
3689,23,5
3690,10,1
3691,11,1
3692,23,5
3693,20,5
3694,20,5
3695,47,7
3696,63,8
3697,76,8
3698,83,8
3699,88,8
3700,100,0
3701,100,0
3702,100,0
3703,100,0
3704,100,0
3705,100,0
3706,92,8
3707,57,8
3708,26,6
3709,33,6
3710,29,6
3711,23,5
3712,23,5
3713,27,6
3714,8,1
3715,22,5
3716,14,2
3717,20,5
3718,44,7
3719,73,8
3720,98,8
3721,98,8
3722,100,0
3723,100,0
3724,100,0
3725,100,0
3726,100,0
3727,100,0
3728,100,0
3729,100,0
3730,100,0
3731,54,8
3732,5,1
3733,4,1
3734,19,4
3735,42,7
3736,14,2
3737,22,5
3738,2,1
3739,4,1
3740,7,1
3741,11,1
3742,97,8
3743,95,8
3744,100,0
3745,100,0
3746,100,0
3747,100,0
3748,100,0
3749,100,0
3750,100,0
3751,100,0
3752,100,0
3753,100,0
3754,26,6
3755,8,1
3756,30,6
3757,27,6
3758,23,5
3759,42,7
3760,51,8
3761,33,6
3762,35,7
3763,41,7
3764,39,7
3765,61,8
3766,63,8
3767,100,0
3768,100,0
3769,100,0
3770,100,0
3771,100,0
3772,100,0
3773,100,0
3774,100,0
3775,100,0
3776,100,0
3777,100,0
3778,97,8
3779,11,1
3780,10,1
3781,5,1
3782,55,8
3783,64,8
3784,7,1
3785,13,2
3786,8,1
3787,17,4
3788,14,2
3789,29,6
3790,45,7
3791,64,8
3792,100,0
3793,100,0
3794,100,0
3795,100,0
3796,100,0
3797,100,0
3798,100,0
3799,98,8
3800,100,0
3801,38,7
3802,10,1
3803,10,1
3804,50,8
3805,47,7
3806,67,8
3807,47,7
3808,26,6
3809,26,6
3810,39,7
3811,23,5
3812,54,8
3813,95,8
3814,94,8
3815,100,0
3816,100,0
3817,100,0
3818,100,0
3819,100,0
3820,100,0
3821,98,8
3822,97,8
3823,100,0
3824,64,8
3825,98,8
3826,2,1
3827,19,4
3828,48,7
3829,52,8
3830,51,8
3831,70,8
3832,41,7
3833,20,5
3834,23,5
3835,20,5
3836,7,1
3837,14,2
3838,27,6
3839,60,8
3840,75,8
3841,100,0
3842,100,0
3843,100,0
3844,100,0
3845,100,0
3846,100,0
3847,100,0
3848,100,0
3849,100,0
3850,98,8
3851,22,5
3852,10,1
3853,20,5
3854,22,5
3855,20,5
3856,41,7
3857,19,4
3858,17,4
3859,5,1
3860,7,1
3861,7,1
3862,10,1
3863,23,5
3864,45,7
3865,92,8
3866,100,0
3867,100,0
3868,100,0
3869,100,0
3870,100,0
3871,100,0
3872,100,0
3873,69,8
3874,51,8
3875,19,4
3876,41,7
3877,39,7
3878,45,7
3879,52,8
3880,20,5
3881,19,4
3882,19,4
3883,17,4
3884,36,7
3885,67,8
3886,100,0
3887,100,0
3888,100,0
3889,100,0
3890,100,0
3891,100,0
3892,100,0
3893,100,0
3894,100,0
3895,100,0
3896,60,8
3897,48,7
3898,23,5
3899,25,6
3900,77,8
3901,26,6
3902,26,6
3903,38,7
3904,29,6
3905,23,5
3906,7,1
3907,10,1
3908,7,1
3909,35,7
3910,98,8
3911,98,8
3912,100,0
3913,100,0
3914,98,8
3915,100,0
3916,100,0
3917,100,0
3918,100,0
3919,100,0
3920,100,0
3921,69,8
3922,10,1
3923,14,2
3924,14,2
3925,17,4
3926,26,6
3927,29,6
3928,10,1
3929,5.7000003,1
3930,17,4
3931,8,1
3932,10,1
3933,17,4
3934,32,6
3935,57,8
3936,98,8
3937,100,0
3938,100,0
3939,100,0
3940,100,0
3941,100,0
3942,100,0
3943,100,0
3944,100,0
3945,100,0
3946,32,6
3947,2,1
3948,4,1
3949,7,1
3950,22,5
3951,23,5
3952,20,5
3953,16,3
3954,22,5
3955,23,5
3956,14,2
3957,17,4
3958,27,6
3959,100,0
3960,100,0
3961,100,0
3962,100,0
3963,100,0
3964,98,8
3965,100,0
3966,100,0
3967,100,0
3968,35,7
3969,8,1
3970,1,1
3971,0,1
3972,8,1
3973,7,1
3974,17,4
3975,10,1
3976,16,3
3977,27,6
3978,2,1
3979,10,1
3980,23,5
3981,35,7
3982,29,6
3983,22,5
3984,23,5
3985,25,6
3986,100,0
3987,100,0
3988,100,0
3989,100,0
3990,100,0
3991,100,0
3992,75,8
3993,39,7
3994,23,5
3995,20,5
3996,57,8
3997,67,8
3998,47,7
3999,57,8
4000,91,8
4001,91,8
4002,89,8
4003,91,8
4004,89,8
4005,95,8
4006,98,8
4007,98,8
4008,97,8
4009,92,8
4010,86,8
4011,75,8
4012,82,8
4013,80,8
4014,86,8
4015,67,8
4016,55,8
4017,42,7
4018,51,8
4019,64,8
4020,52,8
4021,52,8
4022,51,8
4023,41,7
4024,35,7
4025,32,6
4026,27,6
4027,32,6
4028,25,6
4029,20,5
4030,23,5
4031,54,8
4032,69,8
4033,64,8
4034,60,8
4035,72,8
4036,92,8
4037,100,0
4038,91,8
4039,83,8
4040,98,8
4041,98,8
4042,98,8
4043,98,8
4044,95,8
4045,95,8
4046,45,7
4047,42,7
4048,63,8
4049,70,8
4050,39,7
4051,69,8
4052,48,7
4053,29,6
4054,75,8
4055,85,8
4056,54,8
4057,57,8
4058,54,8
4059,100,0
4060,100,0
4061,98,8
4062,98,8
4063,54,8
4064,70,8
4065,76,8
4066,72,8
4067,60,8
4068,70,8
4069,60,8
4070,47,7
4071,63,8
4072,70,8
4073,57,8
4074,73,8
4075,51,8
4076,32,6
4077,42,7
4078,55,8
4079,51,8
4080,100,0
4081,100,0
4082,100,0
4083,100,0
4084,98,8
4085,98,8
4086,95,8
4087,100,0
4088,100,0
4089,42,7
4090,4,1
4091,4,1
4092,7,1
4093,29,6
4094,20,5
4095,16,3
4096,20,5
4097,14,2
4098,20,5
4099,14,2
4100,14,2
4101,5,1
4102,17,4
4103,45,7
4104,100,0
4105,100,0
4106,100,0
4107,100,0
4108,100,0
4109,100,0
4110,95,8
4111,100,0
4112,50,8
4113,30,6
4114,20,5
4115,11,1
4116,13,2
4117,57,8
4118,58,8
4119,67,8
4120,36,7
4121,39,7
4122,19,4
4123,17,4
4124,14,2
4125,23,5
4126,44,7
4127,100,0
4128,100,0
4129,100,0
4130,100,0
4131,100,0
4132,100,0
4133,100,0
4134,100,0
4135,100,0
4136,42,7
4137,61,8
4138,48,7
4139,52,8
4140,45,7
4141,45,7
4142,48,7
4143,57,8
4144,38,7
4145,29,6
4146,20,5
4147,17,4
4148,20,5
4149,26,6
4150,33,6
4151,48,7
4152,100,0
4153,100,0
4154,100,0
4155,100,0
4156,100,0
4157,95,8
4158,100,0
4159,100,0
4160,38,7
4161,30,6
4162,39,7
4163,60,8
4164,58,8
4165,66,8
4166,64,8
4167,60,8
4168,67,8
4169,67,8
4170,57,8
4171,95,8
4172,100,0
4173,100,0
4174,100,0
4175,100,0
4176,100,0
4177,100,0
4178,100,0
4179,100,0
4180,100,0
4181,100,0
4182,100,0
4183,100,0
4184,95,8
4185,95,8
4186,100,0
4187,72,8
4188,85,8
4189,72,8
4190,73,8
4191,57,8
4192,51,8
4193,42,7
4194,58,8
4195,45,7
4196,100,0
4197,100,0
4198,100,0
4199,100,0
4200,100,0
4201,100,0
4202,100,0
4203,98,8
4204,100,0
4205,100,0
4206,100,0
4207,100,0
4208,100,0
4209,100,0
4210,10,1
4211,10,1
4212,23,5
4213,64,8
4214,76,8
4215,63,8
4216,41,7
4217,48,7
4218,33,6
4219,39,7
4220,47,7
4221,26,6
4222,42,7
4223,100,0
4224,100,0
4225,100,0
4226,100,0
4227,100,0
4228,100,0
4229,100,0
4230,100,0
4231,100,0
4232,75,8
4233,42,7
4234,35,7
4235,39,7
4236,72,8
4237,58,8
4238,30,6
4239,35,7
4240,41,7
4241,17,4
4242,29,6
4243,27,6
4244,14,2
4245,33,6
4246,54,8
4247,100,0
4248,100,0
4249,100,0
4250,98,8
4251,100,0
4252,100,0
4253,100,0
4254,100,0
4255,100,0
4256,100,0
4257,100,0
4258,35,7
4259,2,1
4260,10,1
4261,17,4
4262,35,7
4263,44,7
4264,64,8
4265,48,7
4266,42,7
4267,14,2
4268,20,5
4269,20,5
4270,55,8
4271,70,8
4272,100,0
4273,100,0
4274,100,0
4275,100,0
4276,100,0
4277,100,0
4278,100,0
4279,100,0
4280,100,0
4281,100,0
4282,67,8
4283,26,6
4284,25,6
4285,33,6
4286,51,8
4287,48,7
4288,39,7
4289,20,5
4290,25,6
4291,11,1
4292,10,1
4293,20,5
4294,55,8
4295,100,0
4296,100,0
4297,100,0
4298,100,0
4299,100,0
4300,100,0
4301,100,0
4302,100,0
4303,100,0
4304,100,0
4305,42,7
4306,11,1
4307,4,1
4308,50,8
4309,58,8
4310,82,8
4311,47,7
4312,32,6
4313,20,5
4314,25,6
4315,26,6
4316,25,6
4317,36,7
4318,57,8
4319,100,0
4320,100,0
4321,100,0
4322,100,0
4323,100,0
4324,42,7
4325,98,8
4326,100,0
4327,100,0
4328,100,0
4329,22,5
4330,10,1
4331,4,1
4332,8,1
4333,4,1
4334,4,1
4335,14,2
4336,17,4
4337,19,4
4338,7,1
4339,10,1
4340,20,5
4341,41,7
4342,60,8
4343,79,8
4344,92,8
4345,70,8
4346,66,8
4347,100,0
4348,100,0
4349,100,0
4350,100,0
4351,100,0
4352,89,8
4353,11,1
4354,7,1
4355,32,6
4356,35,7
4357,60,8
4358,67,8
4359,57,8
4360,57,8
4361,14.1,2
4362,17,4
4363,23,5
4364,15.6,3
4365,25,6
4366,33,6
4367,57,8
4368,92,8
4369,48,7
4370,39,7
4371,64,8
4372,98,8
4373,100,0
4374,100,0
4375,100,0
4376,38,7
4377,10,1
4378,7,1
4379,45,7
4380,67,8
4381,64,8
4382,32,6
4383,30,6
4384,26,6
4385,6.9,1
4386,11,1
4387,20,5
4388,32,6
4389,27,6
4390,22,5
4391,25,6
4392,45,7
4393,100,0
4394,100,0
4395,100,0
4396,100,0
4397,100,0
4398,100,0
4399,100,0
4400,51,8
4401,10,1
4402,7,1
4403,48,7
4404,54,8
4405,72,8
4406,57,8
4407,51,8
4408,47,7
4409,51,8
4410,48,7
4411,29,6
4412,27.6,6
4413,25.800001,6
4414,25.500002,6
4415,19.2,4
4416,15.000001,3
4417,16.2,3
4418,100,0
4419,100,0
4420,100,0
4421,100,0
4422,100,0
4423,100,0
4424,45,7
4425,32,6
4426,45,7
4427,30.000002,6
4428,48,7
4429,39,7
4430,30.000002,6
4431,30.000002,6
4432,32,6
4433,30.000002,6
4434,30.000002,6
4435,30.000002,6
4436,30.000002,6
4437,30.000002,6
4438,29.400002,6
4439,26.400002,6
4440,100,0
4441,100,0
4442,100,0
4443,100,0
4444,95,8
4445,100,0
4446,77,8
4447,44,7
4448,29,6
4449,48,7
4450,86,8
4451,41,7
4452,45,7
4453,52,8
4454,23,5
4455,23,5
4456,60,8
4457,35,7
4458,36,7
4459,41,7
4460,48,7
4461,61,8
4462,55,8
4463,67,8
4464,79,8
4465,100,0
4466,88,8
4467,75,8
4468,100,0
4469,100,0
4470,100,0
4471,100,0
4472,100,0
4473,97,8
4474,79,8
4475,85,8
4476,97,8
4477,86,8
4478,76,8
4479,83,8
4480,89,8
4481,75,8
4482,54,8
4483,47,7
4484,29,6
4485,27,6
4486,38,7
4487,60,8
4488,100,0
4489,100,0
4490,100,0
4491,100,0
4492,44,7
4493,73,8
4494,75,8
4495,80,8
4496,86,8
4497,85,8
4498,100,0
4499,79,8
4500,38,7
4501,41,7
4502,51,8
4503,95,8
4504,98,8
4505,98,8
4506,92,8
4507,25,6
4508,22,5
4509,26,6
4510,98,8
4511,100,0
4512,100,0
4513,100,0
4514,100,0
4515,100,0
4516,100,0
4517,100,0
4518,100,0
4519,100,0
4520,100,0
4521,82,8
4522,32,6
4523,38,7
4524,29,6
4525,26,6
4526,100,0
4527,98,8
4528,29,6
4529,16.2,3
4530,35,7
4531,33,6
4532,25.800001,6
4533,26.400002,6
4534,29.400002,6
4535,100,0
4536,100,0
4537,100,0
4538,100,0
4539,100,0
4540,75,8
4541,60,8
4542,100,0
4543,73,8
4544,100,0
4545,100,0
4546,100,0
4547,100,0
4548,100,0
4549,100,0
4550,98,8
4551,100,0
4552,100,0
4553,100,0
4554,100,0
4555,100,0
4556,98,8
4557,95,8
4558,98,8
4559,85,8
4560,86,8
4561,83,8
4562,82,8
4563,67,8
4564,82,8
4565,97,8
4566,100,0
4567,100,0
4568,100,0
4569,100,0
4570,79,8
4571,50,8
4572,51,8
4573,57,8
4574,79,8
4575,89,8
4576,39,7
4577,48,7
4578,100,0
4579,100,0
4580,98,8
4581,39,7
4582,30,6
4583,100,0
4584,100,0
4585,100,0
4586,100,0
4587,100,0
4588,100,0
4589,100,0
4590,100,0
4591,63,8
4592,66,8
4593,70,8
4594,100,0
4595,100,0
4596,57,8
4597,39,7
4598,45,7
4599,48,7
4600,63,8
4601,64,8
4602,58,8
4603,100,0
4604,97,8
4605,88,8
4606,89,8
4607,76,8
4608,60,8
4609,58,8
4610,100,0
4611,100,0
4612,100,0
4613,100,0
4614,100,0
4615,100,0
4616,63,8
4617,63,8
4618,70,8
4619,86,8
4620,83,8
4621,54,8
4622,72,8
4623,85,8
4624,76,8
4625,100,0
4626,60,8
4627,35,7
4628,51,8
4629,63,8
4630,98,8
4631,79,8
4632,76,8
4633,67,8
4634,70,8
4635,64,8
4636,82,8
4637,100,0
4638,100,0
4639,100,0
4640,85,8
4641,48,7
4642,54,8
4643,47,7
4644,48,7
4645,52,8
4646,64,8
4647,79,8
4648,50,8
4649,24.900002,5
4650,38,7
4651,85,8
4652,72,8
4653,92,8
4654,48,7
4655,66,8
4656,61,8
4657,100,0
4658,100,0
4659,100,0
4660,100,0
4661,100,0
4662,100,0
4663,95,8
4664,100,0
4665,98,8
4666,85,8
4667,100,0
4668,100,0
4669,100,0
4670,100,0
4671,92,8
4672,85,8
4673,66,8
4674,85,8
4675,73,8
4676,70,8
4677,73,8
4678,75,8
4679,85,8
4680,73,8
4681,76,8
4682,100,0
4683,100,0
4684,100,0
4685,100,0
4686,100,0
4687,100,0
4688,100,0
4689,100,0
4690,100,0
4691,88,8
4692,72,8
4693,82,8
4694,95,8
4695,100,0
4696,95,8
4697,89,8
4698,85,8
4699,100,0
4700,95,8
4701,76,8
4702,72,8
4703,79,8
4704,88,8
4705,100,0
4706,100,0
4707,100,0
4708,100,0
4709,100,0
4710,100,0
4711,100,0
4712,98,8
4713,76,8
4714,86,8
4715,77,8
4716,72,8
4717,57,8
4718,47,7
4719,70,8
4720,75,8
4721,63,8
4722,95,8
4723,75,8
4724,76,8
4725,70,8
4726,63,8
4727,85,8
4728,77,8
4729,77,8
4730,94,8
4731,94,8
4732,100,0
4733,100,0
4734,100,0
4735,100,0
4736,95,8
4737,47,7
4738,51,8
4739,100,0
4740,100,0
4741,100,0
4742,98,8
4743,86,8
4744,82,8
4745,89,8
4746,98,8
4747,88,8
4748,100,0
4749,100,0
4750,100,0
4751,100,0
4752,100,0
4753,100,0
4754,100,0
4755,100,0
4756,100,0
4757,100,0
4758,100,0
4759,100,0
4760,100,0
4761,73,8
4762,100,0
4763,100,0
4764,86,8
4765,89,8
4766,100,0
4767,91,8
4768,67,8
4769,76,8
4770,41,7
4771,54,8
4772,72,8
4773,42,7
4774,100,0
4775,100,0
4776,100,0
4777,100,0
4778,100,0
4779,100,0
4780,100,0
4781,100,0
4782,100,0
4783,100,0
4784,79,8
4785,64,8
4786,82,8
4787,60,8
4788,38,7
4789,44,7
4790,38,7
4791,38,7
4792,52,8
4793,35,7
4794,23.7,5
4795,27,6
4796,28.2,6
4797,30,6
4798,48,7
4799,50,8
4800,100,0
4801,100,0
4802,100,0
4803,100,0
4804,100,0
4805,100,0
4806,100,0
4807,100,0
4808,70,8
4809,38,7
4810,89,8
4811,66,8
4812,35,7
4813,39,7
4814,42,7
4815,33,6
4816,32,6
4817,20,5
4818,15.3,3
4819,19,4
4820,19,4
4821,19,4
4822,17,4
4823,32,6
4824,89,8
4825,100,0
4826,100,0
4827,100,0
4828,100,0
4829,100,0
4830,100,0
4831,100,0
4832,100,0
4833,57,8
4834,35,7
4835,60,8
4836,30,6
4837,35,7
4838,35,7
4839,42,7
4840,45,7
4841,39,7
4842,30,6
4843,20.1,5
4844,21.900002,5
4845,18.300001,4
4846,17.1,4
4847,23,5
4848,100,0
4849,100,0
4850,100,0
4851,100,0
4852,100,0
4853,100,0
4854,100,0
4855,100,0
4856,73,8
4857,38,7
4858,42,7
4859,23,5
4860,39,7
4861,51,8
4862,38,7
4863,23,5
4864,29,6
4865,26,6
4866,25,6
4867,27,6
4868,26.400002,6
4869,25.500002,6
4870,26.7,6
4871,21,5
4872,76,8
4873,100,0
4874,100,0
4875,100,0
4876,100,0
4877,100,0
4878,100,0
4879,100,0
4880,100,0
4881,100,0
4882,100,0
4883,82,8
4884,77,8
4885,72,8
4886,85,8
4887,54,8
4888,100,0
4889,32,6
4890,54,8
4891,88,8
4892,70,8
4893,72,8
4894,28.2,6
4895,28.500002,6
4896,28.2,6
4897,27.300001,6
4898,25.500002,6
4899,26.7,6
4900,26.7,6
4901,100,0
4902,100,0
4903,100,0
4904,100,0
4905,26.7,6
4906,29.400002,6
4907,30.000002,6
4908,29.400002,6
4909,67,8
4910,63,8
4911,51,8
4912,30.000002,6
4913,30.000002,6
4914,30.000002,6
4915,30.000002,6
4916,30.000002,6
4917,29.400002,6
4918,30,6
4919,27.6,6
4920,45,7
4921,100,0
4922,100,0
4923,82,8
4924,77,8
4925,82,8
4926,100,0
4927,100,0
4928,97,8
4929,100,0
4930,100,0
4931,100,0
4932,100,0
4933,100,0
4934,98,8
4935,95,8
4936,98,8
4937,95,8
4938,89,8
4939,89,8
4940,89,8
4941,85,8
4942,41,7
4943,39,7
4944,100,0
4945,100,0
4946,76,8
4947,67,8
4948,69,8
4949,64,8
4950,58,8
4951,54,8
4952,77,8
4953,98,8
4954,98,8
4955,100,0
4956,100,0
4957,98,8
4958,88,8
4959,79,8
4960,35,7
4961,77,8
4962,58,8
4963,79,8
4964,95,8
4965,63,8
4966,79,8
4967,100,0
4968,100,0
4969,100,0
4970,100,0
4971,100,0
4972,100,0
4973,100,0
4974,100,0
4975,100,0
4976,100,0
4977,100,0
4978,51,8
4979,35,7
4980,73,8
4981,98,8
4982,100,0
4983,85,8
4984,95,8
4985,27,6
4986,51,8
4987,57,8
4988,51,8
4989,64,8
4990,58,8
4991,82,8
4992,88,8
4993,86,8
4994,61,8
4995,92,8
4996,69,8
4997,30.000002,6
4998,41,7
4999,27.6,6
5000,47,7
5001,54,8
5002,32,6
5003,33,6
5004,36,7
5005,36,7
5006,35,7
5007,33,6
5008,57,8
5009,29.1,6
5010,28.500002,6
5011,29.400002,6
5012,29.400002,6
5013,29.400002,6
5014,30.000002,6
5015,47,7
5016,92,8
5017,100,0
5018,100,0
5019,100,0
5020,100,0
5021,100,0
5022,100,0
5023,100,0
5024,73,8
5025,100,0
5026,77,8
5027,67,8
5028,39,7
5029,42,7
5030,32,6
5031,30,6
5032,97,8
5033,89,8
5034,39,7
5035,66,8
5036,82,8
5037,100,0
5038,100,0
5039,100,0
5040,95,8
5041,32,6
5042,35,7
5043,29.400002,6
5044,39,7
5045,100,0
5046,98,8
5047,88,8
5048,89,8
5049,100,0
5050,100,0
5051,41,7
5052,97,8
5053,100,0
5054,100,0
5055,70,8
5056,75,8
5057,86,8
5058,100,0
5059,57,8
5060,100,0
5061,100,0
5062,100,0
5063,100,0
5064,100,0
5065,100,0
5066,100,0
5067,100,0
5068,100,0
5069,100,0
5070,100,0
5071,100,0
5072,100,0
5073,100,0
5074,85,8
5075,100,0
5076,100,0
5077,100,0
5078,100,0
5079,100,0
5080,100,0
5081,91,8
5082,100,0
5083,98,8
5084,100,0
5085,100,0
5086,100,0
5087,100,0
5088,100,0
5089,100,0
5090,100,0
5091,100,0
5092,100,0
5093,100,0
5094,100,0
5095,100,0
5096,100,0
5097,100,0
5098,100,0
5099,91,8
5100,82,8
5101,95,8
5102,92,8
5103,100,0
5104,54,8
5105,48,7
5106,45,7
5107,50,8
5108,54,8
5109,50,8
5110,100,0
5111,100,0
5112,100,0
5113,100,0
5114,100,0
5115,94,8
5116,100,0
5117,100,0
5118,100,0
5119,100,0
5120,91,8
5121,100,0
5122,54,8
5123,44,7
5124,47,7
5125,94,8
5126,100,0
5127,100,0
5128,100,0
5129,95,8
5130,57,8
5131,57,8
5132,94,8
5133,55,8
5134,75,8
5135,76,8
5136,80,8
5137,98,8
5138,100,0
5139,95,8
5140,88,8
5141,100,0
5142,97,8
5143,100,0
5144,95,8
5145,100,0
5146,98,8
5147,88,8
5148,95,8
5149,100,0
5150,92,8
5151,60,8
5152,28.500002,6
5153,27.6,6
5154,28.500002,6
5155,38,7
5156,33,6
5157,51,8
5158,95,8
5159,89,8
5160,97,8
5161,98,8
5162,100,0
5163,100,0
5164,100,0
5165,100,0
5166,100,0
5167,100,0
5168,100,0
5169,76,8
5170,47,7
5171,92,8
5172,61,8
5173,86,8
5174,95,8
5175,100,0
5176,100,0
5177,100,0
5178,69,8
5179,26,6
5180,33,6
5181,30,6
5182,100,0
5183,100,0
5184,100,0
5185,100,0
5186,100,0
5187,100,0
5188,100,0
5189,100,0
5190,100,0
5191,98,8
5192,92,8
5193,86,8
5194,57,8
5195,41,7
5196,39,7
5197,26,6
5198,7,1
5199,11,1
5200,32,6
5201,44,7
5202,54,8
5203,30,6
5204,33,6
5205,35,7
5206,26,6
5207,100,0
5208,100,0
5209,100,0
5210,100,0
5211,100,0
5212,100,0
5213,100,0
5214,100,0
5215,100,0
5216,100,0
5217,97,8
5218,89,8
5219,100,0
5220,100,0
5221,100,0
5222,100,0
5223,100,0
5224,100,0
5225,100,0
5226,100,0
5227,100,0
5228,100,0
5229,100,0
5230,100,0
5231,100,0
5232,100,0
5233,100,0
5234,100,0
5235,100,0
5236,100,0
5237,100,0
5238,100,0
5239,100,0
5240,100,0
5241,95,8
5242,95,8
5243,98,8
5244,82,8
5245,73,8
5246,95,8
5247,100,0
5248,64,8
5249,92,8
5250,88,8
5251,89,8
5252,89,8
5253,95,8
5254,100,0
5255,100,0
5256,100,0
5257,100,0
5258,100,0
5259,100,0
5260,100,0
5261,100,0
5262,100,0
5263,100,0
5264,79,8
5265,64,8
5266,76,8
5267,82,8
5268,92,8
5269,79,8
5270,100,0
5271,100,0
5272,30.000002,6
5273,67,8
5274,41,7
5275,67,8
5276,44,7
5277,80,8
5278,61,8
5279,100,0
5280,100,0
5281,100,0
5282,100,0
5283,100,0
5284,100,0
5285,100,0
5286,100,0
5287,98,8
5288,94,8
5289,100,0
5290,92,8
5291,94,8
5292,86,8
5293,89,8
5294,83,8
5295,100,0
5296,32,6
5297,32,6
5298,29.400002,6
5299,30.000002,6
5300,29.400002,6
5301,28.500002,6
5302,29.400002,6
5303,30.000002,6
5304,100,0
5305,100,0
5306,100,0
5307,100,0
5308,100,0
5309,100,0
5310,100,0
5311,100,0
5312,100,0
5313,72,8
5314,57,8
5315,38,7
5316,26,6
5317,26,6
5318,83,8
5319,66,8
5320,69,8
5321,47,7
5322,24,5
5323,25.500002,6
5324,45,7
5325,27.6,6
5326,25.800001,6
5327,57,8
5328,100,0
5329,100,0
5330,100,0
5331,100,0
5332,100,0
5333,100,0
5334,100,0
5335,100,0
5336,70,8
5337,50,8
5338,51,8
5339,54,8
5340,69,8
5341,79,8
5342,51,8
5343,67,8
5344,48,7
5345,85,8
5346,47,7
5347,38,7
5348,32,6
5349,29.400002,6
5350,42,7
5351,61,8
5352,70,8
5353,70,8
5354,72,8
5355,64,8
5356,100,0
5357,100,0
5358,100,0
5359,92,8
5360,67,8
5361,54,8
5362,42,7
5363,27,6
5364,48,7
5365,77,8
5366,88,8
5367,70,8
5368,47,7
5369,72,8
5370,64,8
5371,48,7
5372,29.1,6
5373,48,7
5374,54,8
5375,100,0
5376,100,0
5377,100,0
5378,100,0
5379,100,0
5380,100,0
5381,100,0
5382,100,0
5383,100,0
5384,100,0
5385,100,0
5386,89,8
5387,55,8
5388,45,7
5389,100,0
5390,98,8
5391,100,0
5392,73,8
5393,26,6
5394,61,8
5395,60,8
5396,70,8
5397,89,8
5398,100,0
5399,100,0
5400,100,0
5401,100,0
5402,100,0
5403,100,0
5404,100,0
5405,100,0
5406,100,0
5407,100,0
5408,100,0
5409,95,8
5410,35,7
5411,42,7
5412,47,7
5413,67,8
5414,83,8
5415,73,8
5416,42,7
5417,51,8
5418,94,8
5419,100,0
5420,100,0
5421,100,0
5422,95,8
5423,100,0
5424,100,0
5425,100,0
5426,100,0
5427,100,0
5428,100,0
5429,100,0
5430,100,0
5431,100,0
5432,60,8
5433,82,8
5434,85,8
5435,27,6
5436,42,7
5437,42,7
5438,45,7
5439,24.6,5
5440,88,8
5441,88,8
5442,89,8
5443,80,8
5444,82,8
5445,79,8
5446,79,8
5447,52,8
5448,64,8
5449,100,0
5450,100,0
5451,100,0
5452,100,0
5453,100,0
5454,100,0
5455,100,0
5456,100,0
5457,91,8
5458,26,6
5459,38,7
5460,60,8
5461,97,8
5462,100,0
5463,69,8
5464,30,6
5465,27.6,6
5466,57,8
5467,79,8
5468,51,8
5469,44,7
5470,48,7
5471,100,0
5472,100,0
5473,100,0
5474,100,0
5475,100,0
5476,100,0
5477,100,0
5478,100,0
5479,100,0
5480,100,0
5481,100,0
5482,42,7
5483,33,6
5484,50,8
5485,50,8
5486,35,7
5487,39,7
5488,50,8
5489,47,7
5490,44,7
5491,57,8
5492,100,0
5493,100,0
5494,79,8
5495,75,8
5496,100,0
5497,100,0
5498,100,0
5499,100,0
5500,100,0
5501,100,0
5502,100,0
5503,100,0
5504,100,0
5505,86,8
5506,60,8
5507,33,6
5508,32,6
5509,52,8
5510,35,7
5511,35,7
5512,32,6
5513,33,6
5514,76,8
5515,100,0
5516,100,0
5517,86,8
5518,100,0
5519,100,0
5520,100,0
5521,100,0
5522,100,0
5523,100,0
5524,100,0
5525,100,0
5526,100,0
5527,100,0
5528,100,0
5529,79,8
5530,64,8
5531,47,7
5532,51,8
5533,38,7
5534,35,7
5535,39,7
5536,39,7
5537,41,7
5538,66,8
5539,57,8
5540,100,0
5541,86,8
5542,45,7
5543,75,8
5544,100,0
5545,100,0
5546,100,0
5547,100,0
5548,100,0
5549,100,0
5550,100,0
5551,100,0
5552,100,0
5553,51,8
5554,20,5
5555,60,8
5556,48,7
5557,45,7
5558,35,7
5559,23,5
5560,48,7
5561,7.8,1
5562,20.1,5
5563,24.6,5
5564,26.400002,6
5565,26.7,6
5566,41,7
5567,63,8
5568,100,0
5569,100,0
5570,100,0
5571,100,0
5572,100,0
5573,100,0
5574,100,0
5575,100,0
5576,79,8
5577,55,8
5578,48,7
5579,75,8
5580,50,8
5581,69,8
5582,79,8
5583,98,8
5584,100,0
5585,100,0
5586,100,0
5587,100,0
5588,100,0
5589,100,0
5590,100,0
5591,100,0
5592,100,0
5593,100,0
5594,100,0
5595,100,0
5596,100,0
5597,100,0
5598,100,0
5599,100,0
5600,100,0
5601,100,0
5602,95,8
5603,100,0
5604,86,8
5605,51,8
5606,45,7
5607,51,8
5608,29,6
5609,42,7
5610,48,7
5611,64,8
5612,27.300001,6
5613,27.300001,6
5614,100,0
5615,100,0
5616,100,0
5617,100,0
5618,100,0
5619,100,0
5620,100,0
5621,100,0
5622,100,0
5623,100,0
5624,100,0
5625,100,0
5626,54,8
5627,7,1
5628,50,8
5629,66,8
5630,77,8
5631,63,8
5632,38,7
5633,36,7
5634,92,8
5635,9.6,1
5636,20.1,5
5637,32,6
5638,54,8
5639,64,8
5640,100,0
5641,100,0
5642,100,0
5643,100,0
5644,100,0
5645,100,0
5646,100,0
5647,100,0
5648,100,0
5649,95,8
5650,91,8
5651,73,8
5652,70,8
5653,69,8
5654,58,8
5655,27,6
5656,70,8
5657,79,8
5658,95,8
5659,67,8
5660,52,8
5661,29.1,6
5662,32,6
5663,98,8
5664,100,0
5665,100,0
5666,100,0
5667,100,0
5668,86,8
5669,100,0
5670,100,0
5671,100,0
5672,97,8
5673,72,8
5674,32,6
5675,41,7
5676,48,7
5677,29,6
5678,100,0
5679,100,0
5680,79,8
5681,69,8
5682,95,8
5683,100,0
5684,100,0
5685,100,0
5686,100,0
5687,100,0
5688,100,0
5689,100,0
5690,100,0
5691,100,0
5692,100,0
5693,100,0
5694,100,0
5695,100,0
5696,100,0
5697,100,0
5698,100,0
5699,100,0
5700,100,0
5701,100,0
5702,100,0
5703,98,8
5704,98,8
5705,61,8
5706,76,8
5707,60,8
5708,36,7
5709,45,7
5710,73,8
5711,100,0
5712,100,0
5713,100,0
5714,100,0
5715,100,0
5716,100,0
5717,100,0
5718,100,0
5719,100,0
5720,100,0
5721,85,8
5722,80,8
5723,39,7
5724,32,6
5725,42,7
5726,55,8
5727,32,6
5728,45,7
5729,48,7
5730,45,7
5731,25,6
5732,21,5
5733,21,5
5734,23,5
5735,100,0
5736,100,0
5737,100,0
5738,100,0
5739,100,0
5740,100,0
5741,100,0
5742,100,0
5743,100,0
5744,100,0
5745,54,8
5746,4.2000003,1
5747,10,1
5748,26,6
5749,26,6
5750,27,6
5751,32,6
5752,42,7
5753,42,7
5754,35,7
5755,32,6
5756,20,5
5757,9.6,1
5758,26,6
5759,100,0
5760,100,0
5761,100,0
5762,100,0
5763,100,0
5764,100,0
5765,100,0
5766,100,0
5767,100,0
5768,100,0
5769,89,8
5770,77,8
5771,45,7
5772,42,7
5773,26,6
5774,32,6
5775,41,7
5776,33,6
5777,55,8
5778,48,7
5779,26.7,6
5780,26.400002,6
5781,30,6
5782,45,7
5783,45,7
5784,45,7
5785,100,0
5786,100,0
5787,100,0
5788,100,0
5789,100,0
5790,100,0
5791,100,0
5792,100,0
5793,94,8
5794,57,8
5795,76,8
5796,64,8
5797,94,8
5798,100,0
5799,92,8
5800,97,8
5801,92,8
5802,35,7
5803,32,6
5804,29.1,6
5805,29.400002,6
5806,27.6,6
5807,33,6
5808,100,0
5809,100,0
5810,100,0
5811,100,0
5812,100,0
5813,100,0
5814,100,0
5815,100,0
5816,100,0
5817,79,8
5818,51,8
5819,38,7
5820,26,6
5821,27,6
5822,29,6
5823,32,6
5824,100,0
5825,33,6
5826,26.7,6
5827,27.6,6
5828,28.2,6
5829,28.500002,6
5830,29.400002,6
5831,29.400002,6
5832,32,6
5833,100,0
5834,95,8
5835,100,0
5836,48,7
5837,54,8
5838,86,8
5839,100,0
5840,94,8
5841,100,0
5842,100,0
5843,97,8
5844,92,8
5845,89,8
5846,60,8
5847,57,8
5848,48,7
5849,91,8
5850,98,8
5851,27.6,6
5852,27.6,6
5853,28.500002,6
5854,29.400002,6
5855,45,7
5856,100,0
5857,100,0
5858,100,0
5859,100,0
5860,100,0
5861,80,8
5862,61,8
5863,39,7
5864,52,8
5865,63,8
5866,73,8
5867,44,7
5868,52,8
5869,51,8
5870,39,7
5871,39,7
5872,44,7
5873,39,7
5874,51,8
5875,38,7
5876,32,6
5877,48,7
5878,58,8
5879,98,8
5880,100,0
5881,100,0
5882,100,0
5883,100,0
5884,85,8
5885,85,8
5886,100,0
5887,100,0
5888,76,8
5889,92,8
5890,95,8
5891,92,8
5892,55,8
5893,36,7
5894,33,6
5895,48,7
5896,48,7
5897,89,8
5898,50,8
5899,35,7
5900,28.2,6
5901,28.500002,6
5902,35,7
5903,30.000002,6
5904,47,7
5905,57,8
5906,83,8
5907,100,0
5908,75,8
5909,70,8
5910,94,8
5911,85,8
5912,60,8
5913,60,8
5914,44,7
5915,36,7
5916,100,0
5917,76,8
5918,51,8
5919,57,8
5920,39,7
5921,92,8
5922,100,0
5923,100,0
5924,100,0
5925,98,8
5926,100,0
5927,100,0
5928,97,8
5929,42,7
5930,51,8
5931,100,0
5932,100,0
5933,100,0
5934,100,0
5935,100,0
5936,100,0
5937,100,0
5938,97,8
5939,94,8
5940,85,8
5941,92,8
5942,94,8
5943,91,8
5944,77,8
5945,48,7
5946,30,6
5947,32,6
5948,29.400002,6
5949,28.2,6
5950,28.2,6
5951,51,8
5952,100,0
5953,100,0
5954,100,0
5955,100,0
5956,100,0
5957,100,0
5958,98,8
5959,100,0
5960,100,0
5961,95,8
5962,66,8
5963,29,6
5964,79,8
5965,88,8
5966,85,8
5967,97,8
5968,64,8
5969,48,7
5970,48,7
5971,38,7
5972,67,8
5973,85,8
5974,100,0
5975,100,0
5976,100,0
5977,92,8
5978,100,0
5979,100,0
5980,66,8
5981,98,8
5982,100,0
5983,94,8
5984,64,8
5985,51,8
5986,42,7
5987,48,7
5988,30,6
5989,66,8
5990,41,7
5991,32,6
5992,33,6
5993,22.800001,5
5994,26.400002,6
5995,29,6
5996,26.7,6
5997,27.6,6
5998,51,8
5999,100,0
6000,48,7
6001,64,8
6002,52,8
6003,89,8
6004,92,8
6005,82,8
6006,89,8
6007,94,8
6008,92,8
6009,91,8
6010,92,8
6011,100,0
6012,51,8
6013,45,7
6014,39,7
6015,35,7
6016,32,6
6017,51,8
6018,57,8
6019,50,8
6020,23,5
6021,70,8
6022,83,8
6023,100,0
6024,100,0
6025,100,0
6026,100,0
6027,100,0
6028,100,0
6029,100,0
6030,100,0
6031,100,0
6032,72,8
6033,42,7
6034,26,6
6035,16,3
6036,10,1
6037,41,7
6038,23,5
6039,32,6
6040,26,6
6041,10,1
6042,14,2
6043,19,4
6044,20,5
6045,17,4
6046,33,6
6047,57,8
6048,60,8
6049,100,0
6050,100,0
6051,100,0
6052,89,8
6053,86,8
6054,70,8
6055,100,0
6056,88,8
6057,41,7
6058,39,7
6059,20,5
6060,30,6
6061,25,6
6062,63,8
6063,39,7
6064,30,6
6065,29,6
6066,16,3
6067,20,5
6068,27,6
6069,44,7
6070,51,8
6071,79,8
6072,100,0
6073,98,8
6074,69,8
6075,64,8
6076,98,8
6077,100,0
6078,100,0
6079,100,0
6080,60,8
6081,16,3
6082,2,1
6083,8,1
6084,47,7
6085,64,8
6086,91,8
6087,32,6
6088,25,6
6089,30,6
6090,26,6
6091,29,6
6092,30,6
6093,35,7
6094,100,0
6095,100,0
6096,100,0
6097,100,0
6098,100,0
6099,97,8
6100,73,8
6101,52,8
6102,57,8
6103,100,0
6104,100,0
6105,60,8
6106,64,8
6107,77,8
6108,85,8
6109,54,8
6110,35,7
6111,38,7
6112,30.000002,6
6113,55,8
6114,45,7
6115,42,7
6116,30.000002,6
6117,30.000002,6
6118,35,7
6119,51,8
6120,89,8
6121,57,8
6122,82,8
6123,60,8
6124,100,0
6125,100,0
6126,100,0
6127,100,0
6128,57,8
6129,60,8
6130,91,8
6131,95,8
6132,70,8
6133,29,6
6134,23,5
6135,26,6
6136,29,6
6137,26,6
6138,16,3
6139,26,6
6140,14,2
6141,29,6
6142,100,0
6143,100,0
6144,95,8
6145,100,0
6146,100,0
6147,100,0
6148,79,8
6149,69,8
6150,100,0
6151,100,0
6152,54,8
6153,39,7
6154,45,7
6155,82,8
6156,66,8
6157,51,8
6158,42,7
6159,29,6
6160,26,6
6161,38,7
6162,35,7
6163,32,6
6164,35,7
6165,41,7
6166,42,7
6167,86,8
6168,89,8
6169,100,0
6170,100,0
6171,100,0
6172,100,0
6173,100,0
6174,100,0
6175,100,0
6176,100,0
6177,95,8
6178,92,8
6179,88,8
6180,60,8
6181,48,7
6182,47,7
6183,57,8
6184,60,8
6185,42,7
6186,52,8
6187,50,8
6188,100,0
6189,100,0
6190,100,0
6191,100,0
6192,88,8
6193,95,8
6194,64,8
6195,80,8
6196,69,8
6197,85,8
6198,67,8
6199,67,8
6200,70,8
6201,45,7
6202,52,8
6203,64,8
6204,70,8
6205,57,8
6206,30,6
6207,39,7
6208,17,4
6209,25,6
6210,35,7
6211,23,5
6212,30,6
6213,35,7
6214,32,6
6215,41,7
6216,42,7
6217,55,8
6218,42,7
6219,67,8
6220,100,0
6221,100,0
6222,100,0
6223,100,0
6224,80,8
6225,54,8
6226,63,8
6227,48,7
6228,47,7
6229,42,7
6230,52,8
6231,50,8
6232,26,6
6233,11,1
6234,10,1
6235,16,3
6236,29,6
6237,23,5
6238,22,5
6239,25,6
6240,25,6
6241,30,6
6242,42,7
6243,61,8
6244,51,8
6245,36,7
6246,42,7
6247,82,8
6248,25,6
6249,11,1
6250,4,1
6251,39,7
6252,63,8
6253,22,5
6254,32,6
6255,17,4
6256,23,5
6257,27,6
6258,26,6
6259,27,6
6260,29,6
6261,17,4
6262,17,4
6263,51,8
6264,100,0
6265,100,0
6266,100,0
6267,100,0
6268,97,8
6269,100,0
6270,98,8
6271,100,0
6272,64,8
6273,29,6
6274,51,8
6275,36,7
6276,67,8
6277,83,8
6278,73,8
6279,52,8
6280,54,8
6281,17,4
6282,23,5
6283,9,1
6284,10.5,1
6285,9,1
6286,27,6
6287,45,7
6288,64,8
6289,95,8
6290,100,0
6291,100,0
6292,100,0
6293,100,0
6294,100,0
6295,97,8
6296,57,8
6297,42,7
6298,51,8
6299,41,7
6300,51,8
6301,51,8
6302,75,8
6303,20,5
6304,4,1
6305,1.5,1
6306,4,1
6307,3,1
6308,11,1
6309,35,7
6310,45,7
6311,66,8
6312,60,8
6313,100,0
6314,100,0
6315,97,8
6316,29,6
6317,35,7
6318,13,2
6319,7,1
6320,8,1
6321,20,5
6322,10,1
6323,67,8
6324,61,8
6325,61,8
6326,85,8
6327,83,8
6328,45,7
6329,32,6
6330,11,1
6331,27,6
6332,20,5
6333,13,2
6334,29,6
6335,25,6
6336,25,6
6337,50,8
6338,64,8
6339,73,8
6340,100,0
6341,100,0
6342,100,0
6343,100,0
6344,100,0
6345,4,1
6346,20.1,5
6347,48,7
6348,73,8
6349,51,8
6350,54,8
6351,61,8
6352,76,8
6353,38,7
6354,20,5
6355,32,6
6356,23,5
6357,29,6
6358,27,6
6359,23,5
6360,22,5
6361,38,7
6362,35,7
6363,100,0
6364,60,8
6365,72,8
6366,100,0
6367,100,0
6368,29,6
6369,39,7
6370,29,6
6371,39,7
6372,51,8
6373,42,7
6374,61,8
6375,60,8
6376,45,7
6377,54,8
6378,50,8
6379,20,5
6380,16,3
6381,3,1
6382,4,1
6383,1.2,1
6384,0.3,1
6385,1.2,1
6386,8,1
6387,14,2
6388,26,6
6389,1,1
6390,1,1
6391,0,1
6392,1,1
6393,0,1
6394,0,1
6395,0,1
6396,5,1
6397,4,1
6398,11,1
6399,11,1
6400,10,1
6401,4,1
6402,5,1
6403,4,1
6404,11,1
6405,10,1
6406,29,6
6407,26,6
6408,42,7
6409,100,0
6410,89,8
6411,89,8
6412,100,0
6413,100,0
6414,98,8
6415,98,8
6416,100,0
6417,32,6
6418,0,1
6419,8,1
6420,83,8
6421,85,8
6422,82,8
6423,8,1
6424,42,7
6425,20,5
6426,14,2
6427,11,1
6428,26,6
6429,23,5
6430,100,0
6431,100,0
6432,85,8
6433,100,0
6434,100,0
6435,100,0
6436,100,0
6437,100,0
6438,100,0
6439,100,0
6440,100,0
6441,35,7
6442,8,1
6443,1,1
6444,19,4
6445,29,6
6446,77,8
6447,11,1
6448,26,6
6449,36,7
6450,67,8
6451,67,8
6452,29,6
6453,24.6,5
6454,25.500002,6
6455,30,6
6456,79,8
6457,64,8
6458,64,8
6459,82,8
6460,82,8
6461,70,8
6462,67,8
6463,89,8
6464,63,8
6465,51,8
6466,39,7
6467,64,8
6468,98,8
6469,95,8
6470,98,8
6471,44,7
6472,38,7
6473,20,5
6474,64,8
6475,45,7
6476,45,7
6477,39,7
6478,30,6
6479,70,8
6480,61,8
6481,73,8
6482,79,8
6483,100,0
6484,98,8
6485,100,0
6486,100,0
6487,97,8
6488,82,8
6489,51,8
6490,58,8
6491,33,6
6492,36,7
6493,42,7
6494,51,8
6495,32,6
6496,27,6
6497,45,7
6498,61,8
6499,51,8
6500,64,8
6501,80,8
6502,95,8
6503,97,8
6504,92,8
6505,95,8
6506,89,8
6507,79,8
6508,76,8
6509,79,8
6510,89,8
6511,92,8
6512,88,8
6513,89,8
6514,89,8
6515,26,6
6516,27,6
6517,26,6
6518,79,8
6519,76,8
6520,25,6
6521,44,7
6522,51,8
6523,23,5
6524,11,1
6525,26,6
6526,92,8
6527,66,8
6528,100,0
6529,100,0
6530,100,0
6531,100,0
6532,100,0
6533,100,0
6534,98,8
6535,42,7
6536,54,8
6537,55,8
6538,64,8
6539,45,7
6540,54,8
6541,42,7
6542,70,8
6543,54,8
6544,86,8
6545,26,6
6546,23,5
6547,25,6
6548,20,5
6549,29,6
6550,100,0
6551,100,0
6552,100,0
6553,100,0
6554,100,0
6555,100,0
6556,100,0
6557,100,0
6558,100,0
6559,100,0
6560,73,8
6561,42,7
6562,52,8
6563,77,8
6564,50,8
6565,48,7
6566,57,8
6567,70,8
6568,24,5
6569,29,6
6570,25,6
6571,7,1
6572,14,2
6573,16,3
6574,20,5
6575,38,7
6576,100,0
6577,100,0
6578,100,0
6579,100,0
6580,100,0
6581,100,0
6582,100,0
6583,97,8
6584,42,7
6585,11,1
6586,6,1
6587,11,1
6588,42,7
6589,67,8
6590,75,8
6591,57,8
6592,32,6
6593,17,4
6594,30,6
6595,19,4
6596,10,1
6597,23,5
6598,30,6
6599,17,4
6600,38,7
6601,42,7
6602,100,0
6603,100,0
6604,100,0
6605,100,0
6606,100,0
6607,100,0
6608,79,8
6609,10,1
6610,19,4
6611,45,7
6612,77,8
6613,58,8
6614,63,8
6615,33,6
6616,32,6
6617,27,6
6618,11,1
6619,10,1
6620,26,6
6621,38,7
6622,51,8
6623,91,8
6624,100,0
6625,100,0
6626,100,0
6627,100,0
6628,100,0
6629,100,0
6630,100,0
6631,92,8
6632,23,5
6633,1,1
6634,0,1
6635,58,8
6636,36,7
6637,47,7
6638,39,7
6639,32,6
6640,39,7
6641,27,6
6642,20,5
6643,14,2
6644,19,4
6645,17,4
6646,26,6
6647,22,5
6648,4,1
6649,5,1
6650,5,1
6651,17,4
6652,7,1
6653,14,2
6654,8,1
6655,4,1
6656,2,1
6657,1,1
6658,0,1
6659,4,1
6660,45,7
6661,54,8
6662,57,8
6663,29,6
6664,27,6
6665,25,6
6666,10,1
6667,8,1
6668,4,1
6669,4,1
6670,4,1
6671,4,1
6672,11,1
6673,45,7
6674,100,0
6675,100,0
6676,100,0
6677,100,0
6678,100,0
6679,100,0
6680,64,8
6681,4,1
6682,4,1
6683,10,1
6684,69,8
6685,75,8
6686,82,8
6687,69,8
6688,64,8
6689,36,7
6690,17,4
6691,7,1
6692,5,1
6693,5,1
6694,4,1
6695,13,2
6696,38,7
6697,48,7
6698,44,7
6699,100,0
6700,100,0
6701,100,0
6702,100,0
6703,100,0
6704,14,2
6705,14,2
6706,33,6
6707,35,7
6708,41,7
6709,41,7
6710,32,6
6711,38,7
6712,47,7
6713,33,6
6714,32,6
6715,17,4
6716,5,1
6717,7,1
6718,7,1
6719,14,2
6720,20,5
6721,25,6
6722,25,6
6723,23,5
6724,33,6
6725,35,7
6726,35,7
6727,58,8
6728,35,7
6729,2,1
6730,32,6
6731,57,8
6732,63,8
6733,60,8
6734,70,8
6735,72,8
6736,14,2
6737,19,4
6738,10,1
6739,13,2
6740,7,1
6741,8,1
6742,14,2
6743,16,3
6744,19,4
6745,44,7
6746,100,0
6747,100,0
6748,100,0
6749,100,0
6750,100,0
6751,100,0
6752,100,0
6753,1,1
6754,4,1
6755,13,2
6756,50,8
6757,22,5
6758,13,2
6759,10,1
6760,14,2
6761,35,7
6762,22,5
6763,14,2
6764,11,1
6765,7,1
6766,16,3
6767,17,4
6768,25,6
6769,16,3
6770,39,7
6771,41,7
6772,57,8
6773,44,7
6774,38,7
6775,64,8
6776,82,8
6777,8,1
6778,4,1
6779,1,1
6780,1,1
6781,16,3
6782,23,5
6783,35,7
6784,27,6
6785,26,6
6786,35,7
6787,5,1
6788,5,1
6789,8,1
6790,7,1
6791,19,4
6792,22,5
6793,26,6
6794,89,8
6795,100,0
6796,100,0
6797,100,0
6798,100,0
6799,100,0
6800,100,0
6801,79,8
6802,1,1
6803,0,1
6804,1,1
6805,11,1
6806,14,2
6807,14,2
6808,23,5
6809,33,6
6810,5,1
6811,2,1
6812,17,4
6813,16,3
6814,16,3
6815,17,4
6816,10,1
6817,2,1
6818,11,1
6819,5,1
6820,64,8
6821,100,0
6822,100,0
6823,100,0
6824,100,0
6825,23,5
6826,1,1
6827,1,1
6828,1,1
6829,4,1
6830,7,1
6831,8,1
6832,11,1
6833,25,6
6834,26,6
6835,8,1
6836,4,1
6837,7,1
6838,4,1
6839,1,1
6840,1,1
6841,4,1
6842,0,1
6843,35,7
6844,29,6
6845,100,0
6846,100,0
6847,100,0
6848,100,0
6849,66,8
6850,0,1
6851,0,1
6852,1,1
6853,1,1
6854,4,1
6855,16,3
6856,17,4
6857,10,1
6858,14,2
6859,4,1
6860,10,1
6861,13,2
6862,14,2
6863,17,4
6864,22,5
6865,16,3
6866,17,4
6867,39,7
6868,39,7
6869,55,8
6870,94,8
6871,100,0
6872,100,0
6873,32,6
6874,27,6
6875,38,7
6876,25,6
6877,25,6
6878,23,5
6879,29,6
6880,52,8
6881,41,7
6882,19,4
6883,7,1
6884,19,4
6885,23,5
6886,23,5
6887,23,5
6888,16,3
6889,8,1
6890,17,4
6891,44,7
6892,95,8
6893,98,8
6894,91,8
6895,100,0
6896,100,0
6897,7,1
6898,4,1
6899,1,1
6900,7,1
6901,8,1
6902,23,5
6903,17,4
6904,10,1
6905,16,3
6906,26,6
6907,26,6
6908,14,2
6909,5,1
6910,13,2
6911,25,6
6912,30,6
6913,33,6
6914,29,6
6915,100,0
6916,100,0
6917,100,0
6918,100,0
6919,100,0
6920,100,0
6921,33,6
6922,4,1
6923,0,1
6924,29,6
6925,82,8
6926,41,7
6927,42,7
6928,29,6
6929,13,2
6930,32,6
6931,17,4
6932,8,1
6933,16,3
6934,10,1
6935,16,3
6936,11,1
6937,19,4
6938,19,4
6939,26,6
6940,51,8
6941,100,0
6942,100,0
6943,100,0
6944,100,0
6945,0,1
6946,2,1
6947,0,1
6948,1,1
6949,10,1
6950,23,5
6951,22,5
6952,39,7
6953,41,7
6954,19,4
6955,10,1
6956,14,2
6957,10,1
6958,11,1
6959,22,5
6960,20,5
6961,26,6
6962,36,7
6963,29,6
6964,26,6
6965,26,6
6966,54,8
6967,63,8
6968,44,7
6969,27,6
6970,51,8
6971,48,7
6972,42,7
6973,47,7
6974,35,7
6975,29,6
6976,26,6
6977,38,7
6978,19,4
6979,19,4
6980,7,1
6981,16,3
6982,16,3
6983,23,5
6984,23,5
6985,17,4
6986,50,8
6987,67,8
6988,100,0
6989,100,0
6990,100,0
6991,100,0
6992,19,4
6993,20,5
6994,16,3
6995,57,8
6996,51,8
6997,67,8
6998,73,8
6999,70,8
7000,83,8
7001,82,8
7002,75,8
7003,61,8
7004,58,8
7005,63,8
7006,64,8
7007,72,8
7008,79,8
7009,85,8
7010,89,8
7011,88,8
7012,82,8
7013,92,8
7014,89,8
7015,98,8
7016,98,8
7017,92,8
7018,61,8
7019,72,8
7020,92,8
7021,89,8
7022,89,8
7023,77,8
7024,89,8
7025,95,8
7026,73,8
7027,41,7
7028,10,1
7029,10,1
7030,19,4
7031,23,5
7032,23,5
7033,17,4
7034,14,2
7035,35,7
7036,100,0
7037,100,0
7038,98,8
7039,100,0
7040,75,8
7041,0,1
7042,0,1
7043,0,1
7044,1,1
7045,0,1
7046,4,1
7047,2,1
7048,2,1
7049,4,1
7050,10,1
7051,7,1
7052,13,2
7053,16,3
7054,13,2
7055,13,2
7056,10,1
7057,44,7
7058,100,0
7059,100,0
7060,100,0
7061,100,0
7062,100,0
7063,100,0
7064,100,0
7065,32,6
7066,0,1
7067,0,1
7068,0,1
7069,1,1
7070,5.1000004,1
7071,20.1,5
7072,24.6,5
7073,24,5
7074,10,1
7075,2,1
7076,2,1
7077,17,4
7078,32,6
7079,39,7
7080,23,5
7081,57,8
7082,100,0
7083,39,7
7084,100,0
7085,98,8
7086,98,8
7087,100,0
7088,100,0
7089,11,1
7090,0,1
7091,0,1
7092,0,1
7093,0,1
7094,4,1
7095,7,1
7096,16,3
7097,11,1
7098,14,2
7099,11,1
7100,14,2
7101,10,1
7102,13,2
7103,10,1
7104,7,1
7105,26,6
7106,41,7
7107,100,0
7108,100,0
7109,100,0
7110,100,0
7111,100,0
7112,100,0
7113,26,6
7114,0,1
7115,0,1
7116,0,1
7117,0,1
7118,2,1
7119,7,1
7120,17,4
7121,20,5
7122,16,3
7123,11,1
7124,7,1
7125,16,3
7126,23,5
7127,26,6
7128,64,8
7129,100,0
7130,100,0
7131,100,0
7132,100,0
7133,100,0
7134,100,0
7135,7,1
7136,5,1
7137,4,1
7138,0,1
7139,1,1
7140,2,1
7141,0,1
7142,0,1
7143,5,1
7144,16,3
7145,23,5
7146,14,2
7147,26,6
7148,32,6
7149,26,6
7150,29,6
7151,14,2
7152,13,2
7153,47,7
7154,100,0
7155,100,0
7156,100,0
7157,100,0
7158,98,8
7159,98,8
7160,100,0
7161,13,2
7162,0,1
7163,0,1
7164,0,1
7165,0,1
7166,7,1
7167,19,4
7168,10,1
7169,4,1
7170,0,1
7171,7,1
7172,7,1
7173,14,2
7174,11,1
7175,14,2
7176,14,2
7177,7,1
7178,2,1
7179,1,1
7180,72,8
7181,100,0
7182,100,0
7183,100,0
7184,100,0
7185,29,6
7186,0,1
7187,0,1
7188,0,1
7189,4,1
7190,39,7
7191,45,7
7192,44,7
7193,26,6
7194,16,3
7195,4,1
7196,4,1
7197,1,1
7198,5,1
7199,1,1
7200,1,1
7201,0,1
7202,0,1
7203,0,1
7204,94,8
7205,92,8
7206,100,0
7207,100,0
7208,100,0
7209,100,0
7210,2,1
7211,0,1
7212,4,1
7213,17,4
7214,45,7
7215,26,6
7216,19,4
7217,14,2
7218,1,1
7219,5,1
7220,4,1
7221,7,1
7222,13,2
7223,11,1
7224,7,1
7225,1,1
7226,0,1
7227,0,1
7228,17,4
7229,41,7
7230,57,8
7231,73,8
7232,100,0
7233,100,0
7234,39,7
7235,39,7
7236,60,8
7237,95,8
7238,85,8
7239,82,8
7240,89,8
7241,94,8
7242,97,8
7243,98,8
7244,98,8
7245,100,0
7246,100,0
7247,97,8
7248,100,0
7249,100,0
7250,100,0
7251,98,8
7252,100,0
7253,100,0
7254,100,0
7255,100,0
7256,100,0
7257,100,0
7258,100,0
7259,100,0
7260,100,0
7261,100,0
7262,95,8
7263,85,8
7264,51,8
7265,26,6
7266,35,7
7267,17,4
7268,29,6
7269,20,5
7270,10,1
7271,20,5
7272,35,7
7273,77,8
7274,63,8
7275,54,8
7276,35,7
7277,39,7
7278,42,7
7279,95,8
7280,100,0
7281,16,3
7282,10,1
7283,1,1
7284,17,4
7285,67,8
7286,79,8
7287,94,8
7288,39,7
7289,14,2
7290,26,6
7291,16,3
7292,45,7
7293,39,7
7294,20,5
7295,39,7
7296,42,7
7297,42,7
7298,50,8
7299,38,7
7300,94,8
7301,95,8
7302,100,0
7303,98,8
7304,100,0
7305,100,0
7306,14,2
7307,0,1
7308,0,1
7309,14,2
7310,17,4
7311,29,6
7312,23,5
7313,26,6
7314,51,8
7315,39,7
7316,32,6
7317,26,6
7318,29,6
7319,35,7
7320,55,8
7321,100,0
7322,100,0
7323,100,0
7324,100,0
7325,100,0
7326,100,0
7327,100,0
7328,100,0
7329,42,7
7330,60,8
7331,66,8
7332,88,8
7333,100,0
7334,100,0
7335,97,8
7336,58,8
7337,51,8
7338,39,7
7339,55,8
7340,14,2
7341,4,1
7342,63,8
7343,86,8
7344,100,0
7345,100,0
7346,100,0
7347,100,0
7348,100,0
7349,100,0
7350,54,8
7351,32,6
7352,23,5
7353,22,5
7354,48,7
7355,27,6
7356,48,7
7357,54,8
7358,45,7
7359,54,8
7360,48,7
7361,45,7
7362,30,6
7363,30,6
7364,39,7
7365,33,6
7366,64,8
7367,38,7
7368,45,7
7369,57,8
7370,44,7
7371,35,7
7372,32,6
7373,39,7
7374,39,7
7375,41,7
7376,35,7
7377,45,7
7378,23,5
7379,64,8
7380,64,8
7381,70,8
7382,57,8
7383,14,2
7384,10,1
7385,7,1
7386,5,1
7387,5,1
7388,5,1
7389,4,1
7390,5,1
7391,4,1
7392,4,1
7393,1,1
7394,39,7
7395,66,8
7396,98,8
7397,100,0
7398,100,0
7399,100,0
7400,100,0
7401,69,8
7402,0,1
7403,0,1
7404,0,1
7405,0,1
7406,2,1
7407,25,6
7408,7,1
7409,14,2
7410,7,1
7411,7,1
7412,10,1
7413,7,1
7414,13,2
7415,4,1
7416,11,1
7417,4,1
7418,1,1
7419,23,5
7420,54,8
7421,98,8
7422,10,1
7423,4,1
7424,11,1
7425,1,1
7426,1,1
7427,1,1
7428,0,1
7429,5,1
7430,7,1
7431,14,2
7432,13,2
7433,17,4
7434,25,6
7435,48,7
7436,41,7
7437,39,7
7438,100,0
7439,100,0
7440,100,0
7441,100,0
7442,100,0
7443,23,5
7444,10,1
7445,17,4
7446,54,8
7447,88,8
7448,95,8
7449,100,0
7450,100,0
7451,100,0
7452,100,0
7453,100,0
7454,100,0
7455,100,0
7456,100,0
7457,100,0
7458,98,8
7459,100,0
7460,94,8
7461,97,8
7462,97,8
7463,95,8
7464,98,8
7465,98,8
7466,100,0
7467,98,8
7468,98,8
7469,97,8
7470,98,8
7471,98,8
7472,98,8
7473,85,8
7474,79,8
7475,86,8
7476,95,8
7477,89,8
7478,89,8
7479,76,8
7480,35,7
7481,51,8
7482,100,0
7483,100,0
7484,100,0
7485,98,8
7486,100,0
7487,100,0
7488,100,0
7489,100,0
7490,100,0
7491,100,0
7492,100,0
7493,100,0
7494,100,0
7495,100,0
7496,100,0
7497,100,0
7498,100,0
7499,98,8
7500,7,1
7501,1,1
7502,0,1
7503,0,1
7504,4,1
7505,1,1
7506,0,1
7507,0,1
7508,1,1
7509,1,1
7510,29,6
7511,50,8
7512,57,8
7513,60,8
7514,76,8
7515,82,8
7516,100,0
7517,98,8
7518,98,8
7519,100,0
7520,100,0
7521,100,0
7522,100,0
7523,54,8
7524,1,1
7525,0,1
7526,1,1
7527,1,1
7528,0,1
7529,0,1
7530,0,1
7531,0,1
7532,0,1
7533,0,1
7534,1,1
7535,1,1
7536,1,1
7537,5,1
7538,4,1
7539,4,1
7540,1,1
7541,1,1
7542,0,1
7543,0,1
7544,0,1
7545,0,1
7546,0,1
7547,0,1
7548,0,1
7549,0,1
7550,0,1
7551,0,1
7552,0,1
7553,0,1
7554,0,1
7555,1,1
7556,1,1
7557,0,1
7558,0,1
7559,0,1
7560,0,1
7561,0,1
7562,0,1
7563,0,1
7564,0,1
7565,14,2
7566,32,6
7567,51,8
7568,100,0
7569,100,0
7570,57,8
7571,58,8
7572,4,1
7573,0,1
7574,0,1
7575,0,1
7576,0,1
7577,0,1
7578,0,1
7579,0,1
7580,0,1
7581,0,1
7582,4,1
7583,47,7
7584,66,8
7585,89,8
7586,94,8
7587,92,8
7588,83,8
7589,85,8
7590,86,8
7591,79,8
7592,92,8
7593,94,8
7594,92,8
7595,95,8
7596,91,8
7597,80,8
7598,88,8
7599,82,8
7600,89,8
7601,83,8
7602,79,8
7603,82,8
7604,91,8
7605,98,8
7606,98,8
7607,98,8
7608,100,0
7609,100,0
7610,100,0
7611,100,0
7612,100,0
7613,100,0
7614,100,0
7615,100,0
7616,100,0
7617,100,0
7618,100,0
7619,98,8
7620,98,8
7621,89,8
7622,95,8
7623,97,8
7624,98,8
7625,100,0
7626,100,0
7627,100,0
7628,100,0
7629,100,0
7630,100,0
7631,100,0
7632,100,0
7633,100,0
7634,100,0
7635,100,0
7636,100,0
7637,100,0
7638,97,8
7639,100,0
7640,100,0
7641,95,8
7642,100,0
7643,75,8
7644,30,6
7645,51,8
7646,76,8
7647,79,8
7648,61,8
7649,82,8
7650,8,1
7651,1,1
7652,51,8
7653,67,8
7654,75,8
7655,60,8
7656,63,8
7657,76,8
7658,69,8
7659,76,8
7660,98,8
7661,100,0
7662,100,0
7663,92,8
7664,100,0
7665,100,0
7666,98,8
7667,100,0
7668,95,8
7669,82,8
7670,57,8
7671,48,7
7672,7,1
7673,7,1
7674,1,1
7675,2,1
7676,26,6
7677,38,7
7678,54,8
7679,64,8
7680,83,8
7681,91,8
7682,88,8
7683,86,8
7684,97,8
7685,100,0
7686,100,0
7687,100,0
7688,100,0
7689,100,0
7690,100,0
7691,100,0
7692,100,0
7693,100,0
7694,17,4
7695,0,1
7696,4,1
7697,0,1
7698,0,1
7699,0,1
7700,17,4
7701,45,7
7702,54,8
7703,64,8
7704,80,8
7705,98,8
7706,100,0
7707,98,8
7708,98,8
7709,0,1
7710,6.9,1
7711,6,1
7712,0,1
7713,0,1
7714,63,8
7715,1,1
7716,1,1
7717,0,1
7718,0,1
7719,0,1
7720,0,1
7721,0,1
7722,0,1
7723,0,1
7724,0,1
7725,0,1
7726,0,1
7727,0,1
7728,0,1
7729,1,1
7730,33,6
7731,44,7
7732,48,7
7733,63,8
7734,73,8
7735,76,8
7736,83,8
7737,79,8
7738,100,0
7739,38,7
7740,0,1
7741,3.3000002,1
7742,25,6
7743,32,6
7744,0,1
7745,0,1
7746,0,1
7747,0,1
7748,0,1
7749,64,8
7750,1,1
7751,4,1
7752,0,1
7753,0,1
7754,0,1
7755,0,1
7756,0,1
7757,0,1
7758,0,1
7759,4,1
7760,2,1
7761,4,1
7762,0,1
7763,51,8
7764,98,8
7765,95,8
7766,70,8
7767,45,7
7768,10,1
7769,0,1
7770,2,1
7771,1,1
7772,1,1
7773,0,1
7774,0.3,1
7775,5.1000004,1
7776,2.4,1
7777,3,1
7778,11,1
7779,39,7
7780,41,7
7781,55,8
7782,63,8
7783,79,8
7784,79,8
7785,100,0
7786,100,0
7787,100,0
7788,100,0
7789,7,1
7790,1,1
7791,1,1
7792,2,1
7793,47,7
7794,97,8
7795,73,8
7796,92,8
7797,89,8
7798,51,8
7799,3,1
7800,67,8
7801,89,8
7802,92,8
7803,92,8
7804,98,8
7805,92,8
7806,91,8
7807,35,7
7808,27.6,6
7809,42,7
7810,100,0
7811,76,8
7812,51,8
7813,79,8
7814,73,8
7815,72,8
7816,4,1
7817,5,1
7818,89,8
7819,100,0
7820,98,8
7821,94,8
7822,97,8
7823,100,0
7824,100,0
7825,100,0
7826,100,0
7827,100,0
7828,100,0
7829,100,0
7830,100,0
7831,98,8
7832,98,8
7833,100,0
7834,100,0
7835,98,8
7836,100,0
7837,95,8
7838,89,8
7839,95,8
7840,100,0
7841,100,0
7842,95,8
7843,91,8
7844,100,0
7845,100,0
7846,98,8
7847,98,8
7848,98,8
7849,100,0
7850,100,0
7851,100,0
7852,100,0
7853,97,8
7854,98,8
7855,100,0
7856,100,0
7857,100,0
7858,100,0
7859,100,0
7860,100,0
7861,98,8
7862,98,8
7863,100,0
7864,98,8
7865,98,8
7866,100,0
7867,100,0
7868,98,8
7869,98,8
7870,100,0
7871,97,8
7872,98,8
7873,95,8
7874,92,8
7875,80,8
7876,76,8
7877,85,8
7878,70,8
7879,75,8
7880,100,0
7881,94,8
7882,100,0
7883,98,8
7884,100,0
7885,100,0
7886,8,1
7887,14,2
7888,22,5
7889,30,6
7890,39,7
7891,26,6
7892,32,6
7893,57,8
7894,83,8
7895,100,0
7896,100,0
7897,100,0
7898,100,0
7899,100,0
7900,98,8
7901,100,0
7902,100,0
7903,100,0
7904,100,0
7905,98,8
7906,98,8
7907,100,0
7908,100,0
7909,63,8
7910,45,7
7911,61,8
7912,83,8
7913,98,8
7914,100,0
7915,98,8
7916,100,0
7917,98,8
7918,100,0
7919,100,0
7920,100,0
7921,100,0
7922,100,0
7923,100,0
7924,100,0
7925,100,0
7926,100,0
7927,100,0
7928,100,0
7929,100,0
7930,100,0
7931,100,0
7932,100,0
7933,83,8
7934,82,8
7935,91,8
7936,95,8
7937,86,8
7938,100,0
7939,98,8
7940,98,8
7941,100,0
7942,100,0
7943,100,0
7944,100,0
7945,100,0
7946,100,0
7947,100,0
7948,100,0
7949,98,8
7950,98,8
7951,100,0
7952,98,8
7953,100,0
7954,100,0
7955,100,0
7956,100,0
7957,91,8
7958,92,8
7959,100,0
7960,100,0
7961,100,0
7962,100,0
7963,100,0
7964,100,0
7965,100,0
7966,98,8
7967,100,0
7968,98,8
7969,100,0
7970,100,0
7971,100,0
7972,100,0
7973,100,0
7974,100,0
7975,100,0
7976,100,0
7977,100,0
7978,100,0
7979,100,0
7980,98,8
7981,97,8
7982,89,8
7983,92,8
7984,70,8
7985,86,8
7986,100,0
7987,98,8
7988,97,8
7989,98,8
7990,95,8
7991,88,8
7992,88,8
7993,88,8
7994,85,8
7995,85,8
7996,98,8
7997,98,8
7998,100,0
7999,100,0
8000,100,0
8001,100,0
8002,100,0
8003,100,0
8004,100,0
8005,33,6
8006,0,1
8007,0,1
8008,1,1
8009,2,1
8010,17,4
8011,38,7
8012,54,8
8013,70,8
8014,70,8
8015,82,8
8016,89,8
8017,86,8
8018,86,8
8019,86,8
8020,100,0
8021,97,8
8022,95,8
8023,95,8
8024,98,8
8025,98,8
8026,100,0
8027,100,0
8028,98,8
8029,98,8
8030,100,0
8031,0,1
8032,75,8
8033,76,8
8034,98,8
8035,100,0
8036,0,1
8037,0,1
8038,0,1
8039,25,6
8040,36,7
8041,60,8
8042,75,8
8043,77,8
8044,98,8
8045,94,8
8046,100,0
8047,98,8
8048,98,8
8049,98,8
8050,100,0
8051,100,0
8052,98,8
8053,100,0
8054,100,0
8055,100,0
8056,98,8
8057,95,8
8058,94,8
8059,95,8
8060,97,8
8061,95,8
8062,97,8
8063,100,0
8064,100,0
8065,100,0
8066,100,0
8067,100,0
8068,100,0
8069,100,0
8070,100,0
8071,100,0
8072,100,0
8073,100,0
8074,100,0
8075,100,0
8076,100,0
8077,100,0
8078,98,8
8079,98,8
8080,98,8
8081,95,8
8082,98,8
8083,97,8
8084,100,0
8085,100,0
8086,100,0
8087,100,0
8088,100,0
8089,100,0
8090,100,0
8091,100,0
8092,100,0
8093,100,0
8094,100,0
8095,97,8
8096,100,0
8097,100,0
8098,100,0
8099,95,8
8100,100,0
8101,98,8
8102,94,8
8103,98,8
8104,98,8
8105,98,8
8106,100,0
8107,100,0
8108,95,8
8109,98,8
8110,98,8
8111,98,8
8112,98,8
8113,97,8
8114,100,0
8115,100,0
8116,97,8
8117,98,8
8118,100,0
8119,100,0
8120,100,0
8121,100,0
8122,82,8
8123,98,8
8124,8,1
8125,6.9,1
8126,0,1
8127,3,1
8128,3.3000002,1
8129,15.000001,3
8130,9.900001,1
8131,11.700001,1
8132,7.8,1
8133,5.1000004,1
8134,7.8,1
8135,9.6,1
8136,4,1
8137,10,1
8138,19,4
8139,17,4
8140,27,6
8141,39,7
8142,45,7
8143,64,8
8144,73,8
8145,79,8
8146,100,0
8147,97,8
8148,100,0
8149,95,8
8150,24,5
8151,29,6
8152,8,1
8153,4,1
8154,7,1
8155,27,6
8156,48,7
8157,54,8
8158,63,8
8159,98,8
8160,6.6000004,1
8161,2,1
8162,1,1
8163,0,1
8164,1,1
8165,8,1
8166,4,1
8167,17,4
8168,29,6
8169,47,7
8170,67,8
8171,85,8
8172,100,0
8173,48,7
8174,26,6
8175,26,6
8176,10,1
8177,5,1
8178,11,1
8179,26,6
8180,39,7
8181,60,8
8182,70,8
8183,79,8
8184,88,8
8185,92,8
8186,95,8
8187,98,8
8188,98,8
8189,98,8
8190,100,0
8191,100,0
8192,95,8
8193,100,0
8194,100,0
8195,100,0
8196,100,0
8197,100,0
8198,100,0
8199,98,8
8200,98,8
8201,100,0
8202,98,8
8203,98,8
8204,98,8
8205,100,0
8206,100,0
8207,100,0
8208,100,0
8209,100,0
8210,95,8
8211,95,8
8212,100,0
8213,100,0
8214,100,0
8215,100,0
8216,100,0
8217,100,0
8218,100,0
8219,100,0
8220,100,0
8221,98,8
8222,19,4
8223,4,1
8224,0,1
8225,4,1
8226,2,1
8227,57,8
8228,1,1
8229,27,6
8230,55,8
8231,57,8
8232,73,8
8233,100,0
8234,100,0
8235,26,6
8236,97,8
8237,100,0
8238,98,8
8239,100,0
8240,98,8
8241,100,0
8242,100,0
8243,100,0
8244,100,0
8245,98,8
8246,98,8
8247,100,0
8248,92,8
8249,98,8
8250,92,8
8251,89,8
8252,94,8
8253,94,8
8254,100,0
8255,100,0
8256,98,8
8257,100,0
8258,100,0
8259,100,0
8260,100,0
8261,100,0
8262,100,0
8263,100,0
8264,100,0
8265,100,0
8266,98,8
8267,100,0
8268,98,8
8269,41,7
8270,1,1
8271,1,1
8272,1,1
8273,14.1,2
8274,10,1
8275,80,8
8276,100,0
8277,92,8
8278,100,0
8279,100,0
8280,100,0
8281,100,0
8282,100,0
8283,100,0
8284,100,0
8285,100,0
8286,100,0
8287,100,0
8288,100,0
8289,100,0
8290,100,0
8291,100,0
8292,100,0
8293,100,0
8294,100,0
8295,100,0
8296,100,0
8297,100,0
8298,100,0
8299,100,0
8300,100,0
8301,100,0
8302,100,0
8303,100,0
8304,100,0
8305,100,0
8306,100,0
8307,100,0
8308,100,0
8309,100,0
8310,100,0
8311,100,0
8312,100,0
8313,100,0
8314,100,0
8315,100,0
8316,100,0
8317,100,0
8318,100,0
8319,100,0
8320,98,8
8321,100,0
8322,100,0
8323,100,0
8324,100,0
8325,100,0
8326,100,0
8327,98,8
8328,100,0
8329,100,0
8330,100,0
8331,100,0
8332,100,0
8333,100,0
8334,100,0
8335,100,0
8336,100,0
8337,100,0
8338,100,0
8339,100,0
8340,100,0
8341,100,0
8342,76,8
8343,66,8
8344,60,8
8345,54,8
8346,57,8
8347,100,0
8348,100,0
8349,95,8
8350,95,8
8351,98,8
8352,100,0
8353,100,0
8354,100,0
8355,100,0
8356,100,0
8357,100,0
8358,100,0
8359,100,0
8360,100,0
8361,100,0
8362,100,0
8363,100,0
8364,100,0
8365,100,0
8366,100,0
8367,100,0
8368,98,8
8369,98,8
8370,100,0
8371,97,8
8372,100,0
8373,100,0
8374,100,0
8375,100,0
8376,100,0
8377,100,0
8378,100,0
8379,100,0
8380,100,0
8381,100,0
8382,100,0
8383,100,0
8384,100,0
8385,100,0
8386,100,0
8387,89,8
8388,98,8
8389,0,1
8390,0,1
8391,0,1
8392,0,1
8393,0,1
8394,0,1
8395,1,1
8396,32,6
8397,54,8
8398,73,8
8399,76,8
8400,88,8
8401,100,0
8402,100,0
8403,100,0
8404,100,0
8405,100,0
8406,100,0
8407,100,0
8408,100,0
8409,100,0
8410,100,0
8411,100,0
8412,100,0
8413,100,0
8414,100,0
8415,98,8
8416,98,8
8417,100,0
8418,98,8
8419,100,0
8420,100,0
8421,100,0
8422,95,8
8423,100,0
8424,100,0
8425,100,0
8426,100,0
8427,100,0
8428,100,0
8429,100,0
8430,100,0
8431,100,0
8432,94,8
8433,88,8
8434,85,8
8435,14,2
8436,5,1
8437,1,1
8438,4,1
8439,5,1
8440,4,1
8441,8,1
8442,7,1
8443,4,1
8444,4,1
8445,4,1
8446,5,1
8447,5,1
8448,14,2
8449,17,4
8450,17,4
8451,29,6
8452,26,6
8453,29,6
8454,27,6
8455,35,7
8456,55,8
8457,57,8
8458,100,0
8459,98,8
8460,100,0
8461,98,8
8462,98,8
8463,98,8
8464,95,8
8465,100,0
8466,98,8
8467,100,0
8468,91,8
8469,92,8
8470,91,8
8471,97,8
8472,98,8
8473,100,0
8474,100,0
8475,100,0
8476,100,0
8477,100,0
8478,82,8
8479,89,8
8480,86,8
8481,100,0
8482,100,0
8483,100,0
8484,100,0
8485,100,0
8486,100,0
8487,100,0
8488,98,8
8489,98,8
8490,95,8
8491,100,0
8492,100,0
8493,98,8
8494,98,8
8495,100,0
8496,100,0
8497,100,0
8498,100,0
8499,100,0
8500,100,0
8501,100,0
8502,100,0
8503,100,0
8504,100,0
8505,100,0
8506,100,0
8507,98,8
8508,98,8
8509,82,8
8510,89,8
8511,79,8
8512,44,7
8513,36,7
8514,57,8
8515,89,8
8516,100,0
8517,91,8
8518,98,8
8519,98,8
8520,100,0
8521,100,0
8522,98,8
8523,98,8
8524,100,0
8525,100,0
8526,100,0
8527,100,0
8528,100,0
8529,47,7
8530,100,0
8531,26,6
8532,2,1
8533,42,7
8534,10,1
8535,0,1
8536,1,1
8537,0,1
8538,7,1
8539,26,6
8540,86,8
8541,88,8
8542,92,8
8543,85,8
8544,89,8
8545,88,8
8546,95,8
8547,98,8
8548,100,0
8549,100,0
8550,100,0
8551,100,0
8552,100,0
8553,100,0
8554,100,0
8555,100,0
8556,100,0
8557,100,0
8558,16,3
8559,5,1
8560,7,1
8561,4,1
8562,45,7
8563,95,8
8564,91,8
8565,80,8
8566,76,8
8567,89,8
8568,92,8
8569,79,8
8570,51,8
8571,0,1
8572,0,1
8573,0,1
8574,0,1
8575,0,1
8576,0,1
8577,0,1
8578,0,1
8579,0,1
8580,0,1
8581,0,1
8582,0,1
8583,0,1
8584,0,1
8585,0,1
8586,0,1
8587,0,1
8588,0,1
8589,0,1
8590,0,1
8591,0,1
8592,0,1
8593,0,1
8594,0,1
8595,0,1
8596,0,1
8597,0,1
8598,0,1
8599,0,1
8600,0,1
8601,0,1
8602,0,1
8603,0,1
8604,0,1
8605,0,1
8606,0,1
8607,0,1
8608,0,1
8609,0,1
8610,0,1
8611,0,1
8612,0,1
8613,0,1
8614,0,1
8615,0,1
8616,0,1
8617,0,1
8618,0,1
8619,0,1
8620,0,1
8621,0,1
8622,0,1
8623,0,1
8624,1,1
8625,13,2
8626,14,2
8627,8,1
8628,10,1
8629,10,1
8630,8,1
8631,10,1
8632,11,1
8633,29,6
8634,10,1
8635,23,5
8636,52,8
8637,73,8
8638,80,8
8639,88,8
8640,91,8
8641,2,1
8642,1,1
8643,11,1
8644,16,3
8645,32,6
8646,50,8
8647,4,1
8648,1,1
8649,8,1
8650,1,1
8651,1,1
8652,5,1
8653,10,1
8654,5,1
8655,1,1
8656,0,1
8657,0,1
8658,0,1
8659,0,1
8660,0,1
8661,11,1
8662,29,6
8663,51,8
8664,76,8
8665,79,8
8666,100,0
8667,100,0
8668,100,0
8669,100,0
8670,100,0
8671,100,0
8672,100,0
8673,100,0
8674,100,0
8675,100,0
8676,100,0
8677,98,8
8678,98,8
8679,98,8
8680,41,7
8681,1,1
8682,1,1
8683,1,1
8684,7,1
8685,10,1
8686,16,3
8687,26,6
8688,36,7
8689,54,8
8690,75,8
8691,79,8
8692,100,0
8693,100,0
8694,100,0
8695,97,8
8696,100,0
8697,100,0
8698,100,0
8699,100,0
8700,100,0
8701,100,0
8702,100,0
8703,100,0
8704,100,0
8705,100,0
8706,100,0
8707,100,0
8708,100,0
8709,98,8
8710,100,0
8711,100,0
8712,100,0
8713,100,0
8714,100,0
8715,100,0
8716,100,0
8717,100,0
8718,69,8
8719,73,8
8720,67,8
8721,57,8
8722,57,8
8723,1,1
8724,1,1
8725,0,1
8726,16,3
8727,26,6
8728,79,8
8729,89,8
8730,92,8
8731,91,8
8732,60,8
8733,8,1
8734,7,1
8735,10,1
8736,4,1
8737,16,3
8738,39,7
8739,57,8
8740,98,8
8741,98,8
8742,100,0
8743,100,0
8744,100,0
8745,98,8
8746,100,0
8747,98,8
8748,100,0
8749,4,1
8750,19,4
8751,30,6
8752,39,7
8753,44,7
8754,72,8
8755,100,0
8756,95,8
8757,100,0
8758,100,0
8759,100,0
8760,100,0
